ECG Time [s],ECG [mV],PPG Time [s],PPG0,PPG1,PPG2,HRB Time [s],HRB Heartrate [bpm],HRB RR Interval [ms],Dosha,Peak Variability [bpm/s],Dosha Alignment,Synthetic Dosha
0.303695,0.638,0.296399,459.541,330.853,613.759,0.119528,92,870,Vata,0.0,0,Unknown
0.024617,0.515,0.05435,596.393,587.366,651.201,0.235759,63,966,Kapha,29.0,0,Unknown
0.181252,0.185,0.157929,747.82,862.765,858.489,0.262439,55,1002,Kapha,8.0,0,Unknown
0.331327,0.443,0.34552,439.591,323.489,582.264,0.318809,99,871,Vata,44.0,1,Vata
0.011192,0.051,0.124591,716.347,301.092,441.939,0.323913,80,942,Pitta,19.0,0,Unknown
0.055765,0.316,0.162489,546.703,619.336,541.146,0.326623,84,873,Pitta,4.0,0,Unknown
0.22318,0.395,0.337879,868.943,814.465,753.383,0.335649,58,1037,Kapha,26.0,0,Unknown
0.554495,0.34,0.486492,671.179,454.5,761.217,0.465579,66,945,Kapha,8.0,0,Unknown
0.308378,-0.07,0.407793,755.816,370.622,659.79,0.480488,70,888,Pitta,4.0,0,Unknown
0.572337,0.283,0.555151,784.2,454.062,442.522,0.494174,66,954,Kapha,4.0,1,Kapha
0.417128,0.171,0.383152,212.821,653.127,486.764,0.499197,93,882,Vata,27.0,1,Vata
0.691561,0.297,0.560697,444.603,613.935,509.996,0.500984,63,974,Kapha,30.0,0,Unknown
0.551823,0.777,0.586251,370.624,324.773,678.024,0.501821,87,819,Vata,24.0,1,Vata
0.650259,0.622,0.697232,390.098,335.975,300.237,0.54325,87,862,Vata,0.0,0,Unknown
0.681219,-0.005,1.072436,399.411,579.699,254.632,0.598727,88,856,Vata,1.0,0,Unknown
0.724196,0.439,0.712281,505.579,449.329,404.407,0.614031,59,996,Kapha,29.0,0,Unknown
0.89991,0.053,1.101343,651.066,709.547,758.064,0.657819,62,925,Kapha,3.0,1,Kapha
0.91589,0.401,1.111475,410.006,471.846,572.219,0.671958,66,921,Kapha,4.0,1,Kapha
0.408882,0.01,0.428525,764.007,760.314,479.434,0.679956,78,917,Pitta,12.0,1,Pitta
0.729268,0.893,1.276165,490.086,424.87,626.981,0.729406,89,861,Vata,11.0,0,Unknown
0.440049,0.274,0.443514,382.71,346.816,605.022,0.811036,80,942,Pitta,9.0,1,Pitta
0.863609,0.787,1.327413,466.801,588.355,419.575,0.824733,94,857,Vata,14.0,0,Unknown
0.927397,0.94,1.464047,503.953,232.683,623.484,0.862887,85,796,Vata,9.0,0,Pitta
0.99527,0.671,1.475215,582.442,443.786,646.545,0.906641,99,840,Vata,14.0,0,Unknown
1.09331,0.536,1.754837,606.493,216.807,231.229,0.923694,99,767,Vata,0.0,0,Unknown
1.077472,0.537,1.150375,526.427,661.187,793.326,0.992227,55,925,Kapha,44.0,0,Unknown
1.081921,0.035,1.180993,658.701,403.61,569.468,1.062267,58,972,Kapha,3.0,1,Kapha
1.176632,0.084,1.29762,407.481,558.298,809.667,1.072709,66,1014,Kapha,8.0,0,Unknown
1.23507,0.302,1.798415,559.062,231.327,641.732,1.087442,91,898,Vata,25.0,1,Vata
0.629618,-0.043,0.465999,301.162,777.532,491.242,1.102859,72,893,Pitta,19.0,0,Unknown
1.396316,0.919,1.823224,677.762,653.219,424.16,1.147738,93,853,Vata,21.0,1,Vata
1.458958,0.839,1.83915,209.116,269.623,455.216,1.148692,92,789,Vata,1.0,0,Unknown
0.664713,0.257,0.572601,791.965,605.463,452.262,1.20276,82,854,Pitta,10.0,1,Pitta
0.740463,0.327,0.715079,753.069,300.634,312.43,1.203163,79,904,Pitta,3.0,0,Unknown
1.224097,0.43,1.354182,532.273,738.595,465.349,1.269829,68,950,Kapha,11.0,0,Unknown
1.521045,-0.146,1.868045,297.889,466.21,513.296,1.3148,99,887,Vata,31.0,1,Vata
1.328067,0.262,1.438527,657.015,642.019,486.687,1.329572,66,1012,Kapha,33.0,0,Unknown
1.525148,-0.168,1.895169,203.781,405.548,663.191,1.345553,99,838,Vata,33.0,1,Vata
0.774434,0.306,0.755784,327.723,747.004,301.957,1.346955,73,942,Pitta,26.0,0,Unknown
1.35026,0.242,1.978617,686.575,889.135,570.438,1.386411,63,1045,Kapha,10.0,0,Unknown
0.859854,0.682,0.819701,716.517,560.856,413.604,1.452363,70,879,Pitta,7.0,1,Pitta
1.700247,0.082,2.006279,862.876,837.052,604.244,1.498254,67,911,Kapha,3.0,1,Kapha
1.75024,0.304,2.027349,722.673,579.535,574.351,1.500247,55,902,Kapha,12.0,0,Unknown
1.96953,0.076,2.162243,607.368,422.743,781.824,1.65791,55,1019,Kapha,0.0,1,Kapha
0.874029,0.377,0.878828,528.902,431.335,503.203,1.714255,73,878,Pitta,18.0,0,Unknown
0.87654,0.321,0.999628,429.481,683.64,725.631,1.784176,82,875,Pitta,9.0,1,Pitta
1.590679,0.252,1.951571,523.737,373.672,209.558,1.868946,89,810,Vata,7.0,0,Unknown
1.000549,0.27,1.150073,739.373,763.333,699.242,1.886757,70,932,Pitta,19.0,0,Unknown
1.830015,0.773,1.992187,649.015,649.917,438.422,1.904626,98,754,Vata,28.0,1,Vata
2.087952,0.286,2.355183,865.176,822.813,448.476,1.927185,58,1034,Kapha,40.0,0,Unknown
2.136729,0.458,2.603831,792.441,855.617,575.609,2.003592,68,1033,Kapha,10.0,0,Unknown
1.885751,0.985,2.036759,321.741,210.912,543.861,2.020584,98,871,Vata,30.0,1,Vata
1.136724,0.636,1.166883,398.334,541.845,433.583,2.110478,74,875,Pitta,24.0,0,Unknown
1.261266,0.706,1.298734,773.65,457.777,422.27,2.197782,74,886,Pitta,0.0,0,Unknown
2.41981,0.155,2.634277,500.004,810.314,818.62,2.213597,57,981,Kapha,17.0,0,Unknown
2.877464,0.288,2.674202,465.421,463.975,433.399,2.249277,61,944,Kapha,4.0,1,Kapha
2.063311,-0.019,2.200286,663.517,531.895,561.353,2.336281,88,804,Vata,27.0,1,Vata
2.156536,0.513,2.220458,230.134,681.697,546.266,2.338759,96,786,Vata,8.0,0,Unknown
1.333109,0.668,1.442474,402.811,694.473,413.661,2.344721,83,940,Pitta,13.0,1,Pitta
1.446612,0.506,1.499045,606.842,640.893,469.619,2.407477,80,943,Pitta,3.0,0,Unknown
2.213217,0.257,2.360612,667.218,480.084,267.218,2.42105,91,805,Vata,11.0,0,Unknown
1.477079,0.024,1.624868,411.543,744.376,549.099,2.457092,76,902,Pitta,15.0,0,Unknown
2.956419,0.595,2.851065,737.906,898.958,871.172,2.522688,65,1026,Kapha,11.0,0,Unknown
3.101141,0.412,2.854992,679.942,529.292,893.158,2.540097,57,985,Kapha,8.0,0,Unknown
3.235955,0.505,3.003872,794.837,762.102,444.284,2.566996,55,1014,Kapha,2.0,1,Kapha
3.60439,0.249,3.051238,769.403,854.017,545.636,2.663716,66,908,Kapha,11.0,0,Unknown
3.692582,0.461,3.080062,712.606,517.844,586.2,2.673398,69,911,Kapha,3.0,1,Kapha
1.534188,0.149,1.736659,572.834,646.257,519.334,2.775715,83,879,Pitta,14.0,1,Pitta
3.842611,0.024,3.497832,893.191,854.129,788.196,2.801869,65,1015,Kapha,18.0,0,Unknown
1.548564,-0.059,1.824953,641.988,421.764,409.137,2.870329,77,852,Pitta,12.0,1,Pitta
1.855853,0.738,1.943348,395.114,765.83,365.226,2.913763,73,892,Pitta,4.0,0,Unknown
3.900047,0.074,3.690344,666.795,554.741,697.963,2.995349,64,987,Kapha,9.0,0,Unknown
2.285178,0.495,1.947065,560.443,352.418,306.289,3.027334,76,856,Pitta,12.0,1,Pitta
2.417337,0.572,1.980716,534.53,433.971,376.982,3.035811,73,898,Pitta,3.0,0,Unknown
4.025624,0.122,4.125057,456.553,888.207,722.183,3.067898,56,961,Kapha,17.0,0,Unknown
2.240891,0.964,2.365609,375.811,668.411,349.698,3.110148,89,851,Vata,33.0,1,Vata
2.443728,0.811,2.37713,250.71,226.129,379.358,3.119361,91,842,Vata,2.0,0,Unknown
4.067784,0.241,4.252302,814.137,540.63,778.755,3.131103,64,1003,Kapha,27.0,0,Unknown
4.191715,0.507,4.290181,525.927,876.718,458.989,3.20041,67,972,Kapha,3.0,1,Kapha
2.446508,0.806,2.406551,442.936,409.397,602.219,3.20088,96,822,Vata,29.0,1,Vata
2.485685,0.18,2.325416,335.519,560.097,652.678,3.252705,72,922,Pitta,24.0,0,Unknown
2.517844,0.661,2.81955,709.154,582.871,421.819,3.306578,84,890,Pitta,12.0,1,Pitta
2.598916,0.134,2.823503,467.841,307.655,534.301,3.360139,75,926,Pitta,9.0,1,Pitta
2.589595,0.362,2.494372,328.388,330.079,339.38,3.370565,85,808,Vata,10.0,0,Pitta
2.818379,-0.099,2.874832,587.291,690.286,595.651,3.374802,73,928,Pitta,12.0,1,Pitta
2.713637,0.298,2.525591,342.436,565.41,305.352,3.395139,85,751,Vata,12.0,0,Pitta
2.718241,0.128,2.744522,353.645,690.649,678.724,3.46393,94,853,Vata,9.0,0,Unknown
4.254971,0.208,4.336303,788.651,426.772,816.605,3.515453,58,976,Kapha,36.0,0,Unknown
4.470628,0.393,4.484754,878.554,754.636,752.81,3.527761,55,939,Kapha,3.0,1,Kapha
2.726783,-0.132,2.892722,601.513,328.265,204.432,3.751578,98,800,Vata,43.0,1,Vata
2.760159,0.838,3.118277,469.581,527.087,698.91,3.840381,97,779,Vata,1.0,0,Unknown
2.885539,0.239,2.884738,557.392,480.804,743.42,3.855163,83,903,Pitta,14.0,1,Pitta
4.798949,0.426,4.53327,748.398,666.056,688.671,3.911568,55,1034,Kapha,28.0,0,Unknown
2.787025,0.775,3.425211,355.654,299.049,538.411,3.9878,87,760,Vata,32.0,1,Vata
3.088725,1.0,3.470561,505.167,482.665,614.235,3.993884,98,857,Vata,11.0,0,Unknown
3.100903,0.996,3.621125,558.075,431.966,347.31,4.018417,95,825,Vata,3.0,0,Unknown
3.378197,0.467,3.852536,336.312,686.003,207.158,4.035355,86,839,Vata,9.0,0,Unknown
3.453526,0.723,3.92138,406.775,504.264,568.935,4.050153,86,872,Vata,0.0,0,Unknown
5.112029,0.352,4.552298,698.015,638.939,844.868,4.075572,66,916,Kapha,20.0,0,Unknown
3.485017,0.934,4.041036,260.943,374.753,617.072,4.101192,91,874,Vata,25.0,1,Vata
3.813501,0.82,4.070224,290.575,257.048,570.238,4.107523,96,871,Vata,5.0,0,Unknown
3.903096,0.097,4.331905,540.559,275.623,271.425,4.122821,94,843,Vata,2.0,0,Unknown
4.161678,0.341,4.346813,290.719,312.658,576.714,4.142754,86,852,Vata,8.0,0,Unknown
5.216374,0.214,4.694526,630.193,511.747,750.153,4.168799,68,1018,Kapha,18.0,0,Unknown
4.234125,-0.045,4.391755,462.582,325.483,584.461,4.229517,95,780,Vata,27.0,1,Vata
3.058493,0.414,3.030444,556.63,503.209,744.428,4.270814,72,918,Pitta,23.0,0,Unknown
3.226339,0.331,3.148903,353.611,704.685,672.867,4.2755,84,942,Pitta,12.0,1,Pitta
5.377906,0.346,4.696469,582.205,752.798,500.85,4.282021,62,1025,Kapha,22.0,0,Unknown
3.267963,0.676,3.154464,511.741,489.642,317.578,4.303904,84,948,Pitta,22.0,0,Unknown
3.324953,-0.005,3.163186,526.183,323.612,587.535,4.318849,78,940,Pitta,6.0,1,Pitta
5.389545,0.205,5.287594,576.502,495.405,614.873,4.365743,61,923,Kapha,17.0,0,Unknown
3.369721,0.398,3.34241,666.821,388.22,693.292,4.388551,74,876,Pitta,13.0,1,Pitta
5.411742,0.05,5.311339,718.186,676.421,647.021,4.437791,68,901,Kapha,6.0,0,Unknown
4.271319,0.945,4.409805,554.523,625.308,529.27,4.446325,88,801,Vata,20.0,1,Vata
4.36578,0.527,4.567852,253.438,480.611,583.058,4.535017,86,838,Vata,2.0,0,Unknown
4.427794,0.074,4.617192,483.656,461.695,622.961,4.541984,90,825,Vata,4.0,0,Unknown
5.462179,0.596,5.667746,775.637,526.623,427.609,4.557617,62,991,Kapha,28.0,0,Unknown
3.42703,0.362,3.42566,720.009,777.952,308.644,4.55961,82,857,Pitta,20.0,0,Unknown
4.442679,0.606,4.71471,328.281,257.384,506.802,4.6183,92,878,Vata,10.0,0,Unknown
4.473039,0.542,4.806891,681.463,630.07,244.302,4.618768,94,771,Vata,2.0,0,Unknown
3.546349,0.153,3.434202,572.491,335.203,574.842,4.779236,83,881,Pitta,11.0,1,Pitta
3.550624,0.64,3.464465,343.391,477.466,728.882,4.805371,76,933,Pitta,7.0,1,Pitta
3.654116,0.578,3.543009,418.425,551.59,537.051,4.842507,81,913,Pitta,5.0,1,Pitta
3.655723,0.56,3.732305,382.467,546.64,302.053,4.863574,83,859,Pitta,2.0,0,Unknown
4.618795,0.23,4.862773,441.773,561.407,443.814,4.868951,88,789,Vata,5.0,0,Unknown
5.46824,0.076,5.909679,739.259,877.811,877.319,4.871267,67,1048,Kapha,21.0,0,Unknown
3.66628,0.689,3.834057,362.308,301.98,305.507,4.964298,75,862,Pitta,8.0,1,Pitta
4.664078,-0.064,4.897799,602.996,233.834,238.825,5.01326,99,850,Vata,24.0,1,Vata
5.488977,0.043,5.983572,499.205,414.316,464.289,5.020859,58,1016,Kapha,41.0,0,Unknown
4.707383,0.606,4.942863,475.113,553.918,403.772,5.073923,89,860,Vata,31.0,1,Vata
5.741407,0.527,5.995913,646.994,499.864,748.731,5.222014,60,952,Kapha,29.0,0,Unknown
4.880927,0.424,5.219206,221.706,471.769,403.553,5.303097,88,878,Vata,28.0,1,Vata
3.821086,0.551,3.854315,482.95,550.581,508.318,5.371212,79,912,Pitta,9.0,1,Pitta
5.862437,0.181,6.143668,795.82,521.155,653.116,5.392697,69,945,Kapha,10.0,0,Unknown
5.010043,0.727,5.27199,516.576,240.863,233.005,5.483489,87,814,Vata,18.0,1,Vata
5.046408,0.424,5.36466,675.702,429.15,374.41,5.524019,89,898,Vata,2.0,0,Unknown
4.001633,0.109,4.135673,414.697,491.886,377.504,5.53614,84,942,Pitta,5.0,1,Pitta
5.048398,0.823,5.48921,500.806,442.348,255.499,5.557529,98,828,Vata,14.0,0,Unknown
4.042612,0.535,4.247486,409.152,786.04,632.225,5.639456,74,884,Pitta,24.0,0,Unknown
4.078398,0.177,4.460077,327.347,379.58,654.4,5.643589,76,910,Pitta,2.0,0,Unknown
5.090263,0.462,5.634043,609.594,282.887,604.118,5.695076,93,771,Vata,17.0,1,Vata
4.086541,0.118,4.497603,308.835,477.077,388.94,5.705619,80,903,Pitta,13.0,1,Pitta
4.149214,-0.034,4.518086,351.384,509.741,744.267,5.87142,75,857,Pitta,5.0,1,Pitta
6.061695,0.39,6.262287,637.852,607.034,412.816,5.926143,67,944,Kapha,8.0,0,Unknown
6.230363,0.197,6.268944,668.312,516.365,862.374,6.01016,57,908,Kapha,10.0,0,Unknown
6.365523,0.235,6.343474,785.568,645.675,825.918,6.012681,65,905,Kapha,8.0,0,Unknown
6.785984,0.157,6.357355,730.633,836.233,662.129,6.013695,67,950,Kapha,2.0,1,Kapha
6.900656,0.206,6.388906,604.672,756.032,514.471,6.041616,62,1018,Kapha,5.0,0,Unknown
4.254958,0.57,4.644693,386.099,495.347,520.954,6.069829,79,878,Pitta,17.0,0,Unknown
5.120848,0.473,6.150584,642.103,672.849,673.844,6.082374,92,848,Vata,13.0,0,Unknown
5.30955,0.852,6.27407,314.04,624.988,236.158,6.113586,92,757,Vata,0.0,0,Unknown
5.417386,0.284,6.295811,306.022,534.511,677.558,6.154078,92,766,Vata,0.0,0,Unknown
4.478306,0.54,4.648978,515.492,632.915,371.423,6.210777,71,944,Pitta,21.0,0,Unknown
7.012726,0.246,6.415192,847.706,689.981,460.811,6.232427,58,934,Kapha,13.0,0,Unknown
4.60337,0.111,4.752789,555.26,407.756,682.126,6.271673,82,890,Pitta,24.0,0,Unknown
4.917944,0.574,4.776305,370.296,410.536,694.987,6.273772,82,879,Pitta,0.0,0,Unknown
4.944358,0.726,5.1161,512.392,664.605,619.648,6.31591,82,935,Pitta,0.0,0,Unknown
5.472366,-0.039,6.395582,505.49,431.148,461.288,6.320729,96,766,Vata,14.0,0,Unknown
5.477201,-0.165,6.418838,405.514,405.883,349.783,6.323593,92,839,Vata,4.0,0,Unknown
5.023496,-0.003,5.373961,470.874,550.145,726.733,6.342036,72,870,Pitta,20.0,0,Unknown
5.586166,0.706,6.628447,619.931,525.487,238.431,6.354348,91,890,Vata,19.0,1,Vata
7.048554,0.432,6.441667,481.284,444.502,581.696,6.397156,57,981,Kapha,34.0,0,Unknown
5.055323,0.109,5.433568,391.712,507.578,668.686,6.44486,71,925,Pitta,14.0,1,Pitta
7.414349,0.307,6.623654,897.758,746.996,527.714,6.489621,58,1046,Kapha,13.0,0,Unknown
7.556438,0.566,6.734464,459.426,483.207,653.346,6.538298,60,924,Kapha,2.0,1,Kapha
5.289129,0.575,5.489251,303.42,384.602,741.103,6.610327,81,860,Pitta,21.0,0,Unknown
7.582209,0.025,6.742978,407.475,793.184,883.205,6.621303,65,1038,Kapha,16.0,0,Unknown
5.620486,0.544,6.715177,650.012,472.716,450.312,6.625912,92,894,Vata,27.0,1,Vata
7.630871,0.302,6.940513,845.009,525.028,687.477,6.632482,61,916,Kapha,31.0,0,Unknown
7.819437,0.351,7.539669,522.477,608.524,844.966,6.634751,61,935,Kapha,0.0,1,Kapha
7.820443,0.552,7.670984,764.85,575.235,725.439,6.708022,68,995,Kapha,7.0,0,Unknown
5.468438,0.147,5.506656,533.509,393.764,516.944,6.760412,72,851,Pitta,4.0,0,Unknown
5.638916,0.645,7.038491,376.711,231.137,597.258,6.79821,95,830,Vata,23.0,1,Vata
7.855875,0.029,7.929707,805.508,829.407,637.623,6.857477,69,920,Kapha,26.0,0,Unknown
7.956239,0.344,8.036473,829.493,463.272,827.304,6.878397,66,917,Kapha,3.0,1,Kapha
5.666578,0.056,7.212543,318.435,456.251,553.543,6.923679,98,827,Vata,32.0,1,Vata
8.010933,0.512,8.296532,895.797,682.822,635.684,6.933402,58,1045,Kapha,40.0,0,Unknown
8.102288,0.145,8.302714,547.02,471.031,834.314,6.963208,62,900,Kapha,4.0,1,Kapha
5.478528,0.462,5.818726,642.826,305.276,673.799,6.970834,70,899,Pitta,8.0,1,Pitta
5.83059,-0.036,7.234013,590.263,603.202,225.113,7.032234,92,755,Vata,22.0,1,Vata
8.155965,0.526,8.337594,755.122,752.398,545.788,7.047724,61,1041,Kapha,31.0,0,Unknown
5.860327,-0.183,7.326595,337.403,429.62,236.451,7.053078,97,859,Vata,36.0,1,Vata
8.175034,0.011,8.670913,457.7,852.539,464.407,7.177826,56,1035,Kapha,41.0,0,Unknown
5.550026,-0.027,5.821093,413.139,345.713,799.876,7.193282,77,890,Pitta,21.0,0,Unknown
5.850462,0.307,6.151752,365.903,578.419,662.466,7.195312,75,915,Pitta,2.0,0,Unknown
8.496681,0.439,8.737724,603.405,617.304,827.657,7.264878,67,950,Kapha,8.0,0,Unknown
8.584884,0.56,8.782384,823.986,644.046,693.708,7.29067,62,978,Kapha,5.0,0,Unknown
8.621258,0.394,8.813794,583.829,863.711,844.546,7.337323,63,935,Kapha,1.0,1,Kapha
5.915654,0.565,6.192999,743.521,745.937,357.092,7.375313,82,947,Pitta,19.0,0,Unknown
6.280558,0.518,6.225381,437.512,443.582,559.159,7.397036,71,852,Pitta,11.0,1,Pitta
8.630068,0.263,9.442711,695.548,660.496,868.914,7.566162,59,961,Kapha,12.0,0,Unknown
6.380238,0.634,6.264922,411.806,463.874,593.674,7.569186,77,929,Pitta,18.0,0,Unknown
8.972959,0.027,9.494445,651.887,643.799,426.814,7.623376,69,1028,Kapha,8.0,0,Unknown
8.991768,0.552,9.594795,722.976,689.165,650.485,7.645247,58,984,Kapha,11.0,0,Unknown
6.672525,0.69,6.384706,728.548,357.803,387.105,7.691107,75,900,Pitta,17.0,0,Unknown
6.741869,0.596,6.569458,708.554,494.315,781.446,7.714775,76,917,Pitta,1.0,0,Unknown
6.812439,0.504,6.669053,524.173,318.611,387.79,7.724832,80,936,Pitta,4.0,0,Unknown
5.87005,0.221,7.511148,611.307,225.978,401.437,7.80484,98,763,Vata,18.0,1,Vata
9.20189,0.282,9.618542,886.447,744.615,587.482,7.844084,58,941,Kapha,40.0,0,Unknown
9.281091,0.017,9.713737,427.868,453.442,712.929,7.910197,67,900,Kapha,9.0,0,Unknown
9.345097,0.414,9.759133,686.981,810.555,796.796,7.91579,58,953,Kapha,9.0,0,Unknown
9.379886,0.289,9.884041,831.514,617.753,540.295,8.003317,60,999,Kapha,2.0,1,Kapha
9.405777,0.075,10.028059,640.691,436.174,678.399,8.003954,65,938,Kapha,5.0,0,Unknown
9.51217,0.129,10.182314,439.264,793.091,754.364,8.37854,58,906,Kapha,7.0,0,Unknown
6.848398,-0.071,6.716075,544.619,758.8,388.779,8.409926,70,933,Pitta,12.0,1,Pitta
9.666001,0.039,10.256694,680.27,588.475,467.216,8.417101,61,1049,Kapha,9.0,0,Unknown
6.04668,0.508,7.732192,411.869,593.139,347.645,8.419471,92,821,Vata,31.0,1,Vata
9.863561,0.345,10.271085,566.037,450.184,807.033,8.463588,61,1020,Kapha,31.0,0,Unknown
6.885216,0.381,6.921768,408.874,636.556,757.584,8.491272,76,874,Pitta,15.0,0,Unknown
10.208564,0.373,10.356547,477.471,716.89,703.055,8.537173,59,944,Kapha,17.0,0,Unknown
6.987536,-0.066,7.094304,339.151,795.374,532.603,8.559261,72,879,Pitta,13.0,1,Pitta
6.988671,0.627,7.141278,586.716,741.412,331.594,8.569447,80,931,Pitta,8.0,1,Pitta
6.067361,0.271,7.770895,533.775,300.682,316.192,8.570518,96,892,Vata,16.0,1,Vata
10.209158,0.303,10.537588,824.517,840.066,874.769,8.668542,67,973,Kapha,29.0,0,Unknown
10.231823,0.49,10.75078,660.8,843.877,569.764,8.69392,59,1019,Kapha,8.0,0,Unknown
7.301718,0.189,7.171852,349.172,536.495,599.094,8.734051,81,860,Pitta,22.0,0,Unknown
10.240646,0.517,10.825429,866.638,878.832,454.073,8.836429,69,971,Kapha,12.0,0,Unknown
7.522521,0.406,7.465313,524.637,559.843,600.913,8.847156,77,942,Pitta,8.0,1,Pitta
10.245617,0.369,10.839294,803.008,833.853,653.251,8.903123,64,1037,Kapha,13.0,0,Unknown
7.625774,0.152,7.476803,770.249,395.288,332.25,8.908991,75,866,Pitta,11.0,1,Pitta
7.65421,0.604,7.478846,776.417,531.02,786.261,8.917993,73,875,Pitta,2.0,0,Unknown
7.715789,0.698,7.492205,419.666,751.514,572.015,9.032675,80,872,Pitta,7.0,1,Pitta
7.830274,0.259,7.745172,612.057,325.427,579.898,9.087457,77,905,Pitta,3.0,0,Unknown
10.266149,0.008,10.940111,746.486,401.07,442.905,9.095275,62,1041,Kapha,15.0,0,Unknown
6.088293,0.325,7.805174,247.768,329.31,340.502,9.221463,94,803,Vata,32.0,1,Vata
7.937277,0.677,7.753428,537.038,731.778,560.058,9.248851,78,901,Pitta,16.0,0,Unknown
6.187432,0.885,7.85242,511.93,282.353,601.741,9.289717,91,776,Vata,13.0,0,Unknown
6.473486,0.218,7.874693,425.884,365.108,664.614,9.372394,96,762,Vata,5.0,0,Unknown
7.975683,0.14,7.863518,737.843,470.474,605.366,9.385615,79,897,Pitta,17.0,0,Unknown
6.603115,0.417,7.894061,493.304,578.376,402.551,9.388603,85,809,Vata,6.0,0,Pitta
6.671849,0.74,7.962945,284.007,459.693,653.056,9.569536,88,755,Vata,3.0,0,Unknown
6.808411,0.276,8.379075,568.437,302.441,360.748,9.621924,97,807,Vata,9.0,0,Unknown
10.369203,0.417,11.169902,402.513,590.121,884.763,9.623633,61,945,Kapha,36.0,0,Unknown
6.952144,0.547,8.549733,631.399,638.915,438.218,9.627757,97,798,Vata,36.0,1,Vata
6.964358,0.835,8.900592,308.37,639.791,313.014,9.681768,88,775,Vata,9.0,0,Unknown
8.121326,0.381,7.884743,435.715,749.756,432.15,9.730244,71,869,Pitta,17.0,0,Unknown
8.141299,0.673,7.999609,301.851,770.44,443.621,9.816505,84,851,Pitta,13.0,1,Pitta
10.414329,0.251,11.179007,613.912,809.271,419.342,9.854464,68,1022,Kapha,16.0,0,Unknown
8.257784,0.193,8.000668,381.281,635.432,555.67,9.874689,75,937,Pitta,7.0,1,Pitta
10.565357,0.339,11.20398,498.743,583.127,776.752,9.879281,61,1017,Kapha,14.0,0,Unknown
10.571664,0.389,11.282466,855.399,700.774,662.551,9.880216,60,974,Kapha,1.0,1,Kapha
7.024021,0.939,9.063474,247.857,635.289,520.238,9.917069,89,796,Vata,29.0,1,Vata
10.64891,0.21,11.332211,487.292,703.158,584.31,9.932118,61,905,Kapha,28.0,0,Unknown
7.051575,-0.024,9.233754,211.819,319.398,689.491,9.944891,94,754,Vata,33.0,1,Vata
10.717733,0.55,11.335789,543.03,582.513,432.921,10.026005,61,920,Kapha,33.0,0,Unknown
7.08989,0.912,9.516306,520.986,425.62,501.747,10.041422,90,769,Vata,29.0,1,Vata
8.354811,0.759,8.012054,474.761,632.212,703.343,10.092666,74,880,Pitta,16.0,0,Unknown
8.519656,0.01,8.223168,457.861,526.377,324.932,10.147492,74,876,Pitta,0.0,0,Unknown
8.577653,-0.084,8.233629,695.681,717.77,601.702,10.16379,79,851,Pitta,5.0,1,Pitta
7.129075,0.391,9.572681,503.547,692.495,378.907,10.183706,88,883,Vata,9.0,0,Unknown
10.779557,0.08,11.341037,658.418,852.237,711.083,10.187558,64,1046,Kapha,24.0,0,Unknown
7.175655,0.11,9.645594,473.349,586.006,523.909,10.19286,99,808,Vata,35.0,1,Vata
10.787869,0.403,11.42742,531.682,651.614,692.61,10.1932,68,1002,Kapha,31.0,0,Unknown
8.589681,0.714,8.33814,640.28,780.806,703.389,10.215549,80,927,Pitta,12.0,1,Pitta
7.191922,0.351,9.811432,315.974,213.584,261.46,10.301634,86,895,Vata,6.0,0,Unknown
8.833624,-0.038,8.359169,449.778,687.541,378.459,10.346783,72,853,Pitta,14.0,1,Pitta
10.799977,0.003,11.506407,504.932,632.392,540.442,10.456721,56,987,Kapha,16.0,0,Unknown
8.90162,0.793,8.381542,528.872,610.968,307.511,10.476655,81,862,Pitta,25.0,0,Unknown
10.873083,0.555,11.639637,699.55,898.757,855.111,10.49981,68,998,Kapha,13.0,0,Unknown
8.94845,0.756,8.612685,347.78,603.396,456.357,10.562381,77,949,Pitta,9.0,1,Pitta
9.08227,0.023,9.506882,749.073,724.735,594.072,10.564958,83,884,Pitta,6.0,1,Pitta
11.131559,0.068,11.734239,444.465,646.75,552.055,10.638675,64,961,Kapha,19.0,0,Unknown
11.149923,0.057,11.844224,429.084,489.199,624.863,10.693986,56,1006,Kapha,8.0,0,Unknown
7.322294,0.976,9.817429,395.453,232.602,644.33,10.755195,90,881,Vata,34.0,1,Vata
7.623631,0.391,10.022037,497.238,431.966,451.542,10.761361,99,766,Vata,9.0,0,Unknown
8.251257,0.195,10.022514,448.383,654.61,424.675,10.761881,92,763,Vata,7.0,0,Unknown
11.283514,0.2,11.929712,586.123,656.535,671.881,10.817408,68,982,Kapha,24.0,0,Unknown
11.361653,0.224,11.935009,760.332,807.008,450.116,10.959783,64,955,Kapha,4.0,1,Kapha
9.11317,0.384,9.638017,767.712,570.602,369.142,10.990172,77,921,Pitta,13.0,1,Pitta
9.235171,0.066,9.813228,789.902,701.93,513.061,11.004321,81,915,Pitta,4.0,0,Unknown
8.369632,0.56,10.048955,693.893,469.351,492.932,11.006532,99,762,Vata,18.0,1,Vata
8.405041,0.088,10.057153,268.22,448.906,512.392,11.138802,92,884,Vata,7.0,0,Unknown
9.752279,0.285,10.236067,734.276,554.443,576.161,11.156018,74,855,Pitta,18.0,0,Unknown
8.455453,-0.109,10.185474,547.572,252.737,235.888,11.263344,91,877,Vata,17.0,1,Vata
8.579501,-0.045,10.433715,402.159,528.39,541.309,11.275223,90,793,Vata,1.0,0,Unknown
9.877231,-0.045,10.381432,386.98,331.222,599.442,11.280943,77,880,Pitta,13.0,1,Pitta
9.877706,0.102,10.449402,323.098,491.974,437.206,11.303101,79,859,Pitta,2.0,0,Unknown
8.693692,-0.046,10.591682,414.1,611.052,320.966,11.312436,86,868,Vata,7.0,0,Unknown
9.963151,0.227,10.540326,589.798,522.22,500.015,11.369409,84,870,Pitta,2.0,0,Unknown
9.964491,0.295,10.561485,756.303,370.809,689.17,11.39116,77,923,Pitta,7.0,1,Pitta
9.359671,-0.018,10.628987,558.799,390.21,556.976,11.455595,99,892,Vata,22.0,1,Vata
11.788959,0.129,12.036982,677.403,788.43,866.081,11.512603,61,921,Kapha,38.0,0,Unknown
11.817218,0.351,12.099313,611.438,794.291,587.268,11.551795,68,967,Kapha,7.0,0,Unknown
11.838838,0.266,12.269008,682.876,754.012,440.39,11.568114,64,909,Kapha,4.0,1,Kapha
10.170246,0.78,10.923788,388.676,351.248,770.607,11.57904,72,872,Pitta,8.0,1,Pitta
9.361118,-0.033,10.780987,546.218,587.806,611.267,11.631784,91,768,Vata,19.0,1,Vata
10.192356,0.627,10.971872,303.521,567.732,730.94,11.672878,71,852,Pitta,20.0,0,Unknown
9.386223,0.569,10.834521,695.628,682.238,601.979,11.698512,95,812,Vata,24.0,1,Vata
10.295782,0.564,11.124531,702.748,342.572,582.142,11.703283,78,881,Pitta,17.0,0,Unknown
10.325162,0.383,11.250267,338.398,451.473,505.146,11.706529,71,869,Pitta,7.0,1,Pitta
10.627629,0.656,11.327642,506.853,672.298,466.478,11.744762,78,923,Pitta,7.0,1,Pitta
9.648483,0.018,10.858617,264.197,301.883,476.25,11.799215,96,830,Vata,18.0,1,Vata
11.944939,0.021,12.322091,582.726,527.109,593.646,11.860256,61,965,Kapha,35.0,0,Unknown
9.673277,0.215,10.927075,252.055,461.665,460.085,11.939528,98,896,Vata,37.0,1,Vata
9.697723,0.876,11.107976,562.169,343.569,271.438,11.95622,98,897,Vata,0.0,0,Unknown
12.068193,0.192,12.419178,868.073,831.042,700.101,11.961008,61,907,Kapha,37.0,0,Unknown
12.212131,0.486,12.481474,427.452,846.722,656.826,11.983711,59,1022,Kapha,2.0,1,Kapha
9.776066,0.369,11.131531,489.193,596.427,587.673,12.016921,89,849,Vata,30.0,1,Vata
10.169565,0.601,11.186296,337.08,488.797,335.705,12.135251,90,871,Vata,1.0,0,Unknown
10.231447,0.007,11.972547,239.71,517.291,448.348,12.157958,94,793,Vata,4.0,0,Unknown
10.392112,0.031,12.009015,242.829,598.957,342.137,12.208365,92,853,Vata,2.0,0,Unknown
10.397659,-0.151,12.031484,647.095,397.985,266.914,12.258983,98,810,Vata,6.0,0,Unknown
10.461986,0.003,12.111207,295.934,657.545,514.779,12.319976,92,874,Vata,6.0,0,Unknown
12.364427,0.414,12.579655,736.696,497.076,747.271,12.36877,55,937,Kapha,37.0,0,Unknown
10.626641,0.134,12.350473,361.686,466.514,227.166,12.375127,87,894,Vata,32.0,1,Vata
12.410227,0.435,12.675775,845.641,465.228,427.742,12.39079,68,1022,Kapha,19.0,0,Unknown
10.639593,0.205,11.366606,639.444,782.216,362.478,12.470623,73,878,Pitta,5.0,1,Pitta
12.557266,0.419,12.873391,801.942,887.802,542.27,12.530221,56,961,Kapha,17.0,0,Unknown
10.646373,0.012,12.639731,313.328,278.977,574.323,12.67391,96,820,Vata,40.0,1,Vata
10.909498,-0.094,12.786282,377.498,547.95,358.793,12.698154,96,856,Vata,0.0,0,Unknown
12.593571,0.187,12.884108,492.021,834.162,809.615,12.742239,67,1037,Kapha,29.0,0,Unknown
10.831094,0.538,12.084379,418.399,658.935,353.276,12.763618,81,901,Pitta,14.0,1,Pitta
10.870311,0.794,12.171194,341.981,796.313,644.179,12.773655,82,895,Pitta,1.0,0,Unknown
12.824201,0.06,12.900286,547.963,846.618,439.947,12.843147,63,944,Kapha,19.0,0,Unknown
11.004271,-0.055,12.940509,234.712,596.631,200.067,12.864389,98,799,Vata,35.0,1,Vata
11.091267,0.353,13.095233,459.53,358.381,455.565,12.894758,91,814,Vata,7.0,0,Unknown
12.850575,0.163,12.905114,758.524,843.188,827.743,12.904288,62,964,Kapha,29.0,0,Unknown
12.88467,0.499,13.157717,442.135,670.843,445.948,12.928919,62,966,Kapha,0.0,1,Kapha
12.891276,0.588,13.267396,805.931,723.201,817.227,12.936544,64,1036,Kapha,2.0,1,Kapha
10.873534,0.183,12.20928,685.011,649.169,429.897,12.96756,71,883,Pitta,7.0,1,Pitta
13.203975,0.296,13.290063,759.453,672.681,580.394,12.973974,55,1032,Kapha,16.0,0,Unknown
11.191111,0.048,13.152839,233.806,628.59,223.426,13.060044,85,848,Vata,30.0,1,Unknown
13.207755,0.006,13.298839,764.803,425.603,706.105,13.096169,60,1005,Kapha,25.0,0,Unknown
11.194204,0.237,13.210992,600.178,653.072,338.085,13.122937,85,781,Vata,25.0,1,Unknown
11.28727,0.404,13.229173,316.856,338.452,553.488,13.173235,91,890,Vata,6.0,0,Unknown
13.289613,0.084,13.493207,450.121,772.752,476.444,13.188043,69,1037,Kapha,22.0,0,Unknown
11.714579,0.628,13.246177,470.006,691.761,231.345,13.20668,99,807,Vata,30.0,1,Vata
13.291629,0.193,13.585776,758.88,652.666,433.084,13.273291,69,1039,Kapha,30.0,0,Unknown
10.947482,0.507,12.486362,615.088,446.897,427.331,13.324931,79,933,Pitta,10.0,1,Pitta
11.747468,-0.153,13.272567,640.04,270.356,619.669,13.341678,99,877,Vata,20.0,1,Vata
10.96507,0.66,12.595083,794.245,636.026,799.098,13.426703,70,910,Pitta,29.0,0,Unknown
13.377001,0.347,13.789563,739.909,723.855,507.969,13.433834,63,981,Kapha,7.0,0,Unknown
11.357019,0.724,12.759857,472.154,651.078,393.963,13.462151,73,921,Pitta,10.0,1,Pitta
11.649772,0.546,12.788527,330.881,485.863,374.03,13.473568,78,920,Pitta,5.0,1,Pitta
11.672102,0.155,13.063734,667.175,308.857,349.343,13.514394,81,919,Pitta,3.0,0,Unknown
13.610226,0.045,13.8565,815.461,651.32,463.927,13.668045,69,957,Kapha,12.0,0,Unknown
11.758972,0.759,13.429057,525.439,301.008,201.91,13.732528,94,891,Vata,25.0,1,Vata
11.922941,0.553,13.466434,466.479,292.112,323.412,13.77589,93,861,Vata,1.0,0,Unknown
11.68641,0.194,13.191717,560.867,651.6,589.903,13.878851,78,860,Pitta,15.0,0,Unknown
13.6667,0.566,13.936402,420.798,645.906,556.203,13.914067,62,1048,Kapha,16.0,0,Unknown
11.980427,-0.102,13.636178,362.167,646.995,570.452,13.921091,91,817,Vata,29.0,1,Vata
11.71183,-0.081,13.205404,406.602,310.85,613.932,13.954084,73,931,Pitta,18.0,0,Unknown
13.683709,0.219,14.124435,411.555,485.895,657.192,13.978333,57,1048,Kapha,16.0,0,Unknown
11.745336,0.585,13.219644,690.864,615.594,482.614,13.982678,78,942,Pitta,21.0,0,Unknown
11.813272,-0.062,13.242755,401.878,381.808,567.707,14.051944,84,938,Pitta,6.0,1,Pitta
12.740347,0.848,13.707284,366.501,527.146,358.135,14.052202,94,789,Vata,10.0,0,Unknown
11.858353,0.678,13.336966,430.331,582.802,694.2,14.180195,81,912,Pitta,13.0,1,Pitta
13.82969,0.548,14.250967,586.504,539.357,694.38,14.207882,58,1030,Kapha,23.0,0,Unknown
13.838318,0.468,14.514346,474.394,479.426,794.934,14.261926,69,968,Kapha,11.0,0,Unknown
11.928844,0.007,13.380589,346.264,551.957,709.052,14.305631,75,870,Pitta,6.0,1,Pitta
13.894979,0.453,14.562899,679.192,497.833,728.12,14.339195,57,988,Kapha,18.0,0,Unknown
13.983191,0.364,14.776244,858.674,886.489,704.379,14.369323,60,963,Kapha,3.0,1,Kapha
12.949262,0.905,13.797276,534.743,276.052,250.946,14.489789,89,893,Vata,29.0,1,Vata
13.326469,-0.127,13.80053,697.07,420.162,380.117,14.490038,92,881,Vata,3.0,0,Unknown
13.41575,0.132,13.840189,530.92,507.649,335.197,14.492211,86,839,Vata,6.0,0,Unknown
14.003776,0.376,14.801306,595.74,476.557,605.891,14.511177,68,971,Kapha,18.0,0,Unknown
13.456159,0.767,13.900302,478.892,241.732,621.356,14.521325,93,777,Vata,25.0,1,Vata
13.589747,0.698,13.977568,565.325,641.208,356.674,14.603801,90,845,Vata,3.0,0,Unknown
14.235262,0.383,14.957721,822.475,534.635,636.904,14.643807,63,916,Kapha,27.0,0,Unknown
14.490374,0.377,15.144829,400.12,695.295,607.26,14.645674,69,972,Kapha,6.0,0,Unknown
14.804845,0.332,15.300219,484.257,705.089,821.083,14.71863,62,969,Kapha,7.0,0,Unknown
13.67611,0.021,14.016465,432.603,601.802,594.466,14.721139,97,780,Vata,35.0,1,Vata
13.72789,0.051,14.163028,230.071,452.603,645.936,14.853586,93,752,Vata,4.0,0,Unknown
14.234945,0.245,14.252599,481.148,683.563,416.909,14.902576,86,885,Vata,7.0,0,Unknown
14.258253,0.381,14.252648,678.813,408.88,654.972,14.903017,87,773,Vata,1.0,0,Unknown
14.875947,0.592,15.375295,415.212,476.987,515.0,14.921509,69,1012,Kapha,18.0,0,Unknown
14.373713,0.542,14.326629,287.651,692.055,388.659,14.940524,96,764,Vata,27.0,1,Vata
11.964696,0.055,13.550378,499.716,306.757,778.956,14.977482,70,852,Pitta,26.0,0,Unknown
14.511137,0.243,14.522701,545.002,533.96,682.039,14.997417,92,794,Vata,22.0,1,Vata
14.523316,0.355,14.826194,300.467,517.336,244.645,15.028074,85,757,Vata,7.0,0,Pitta
14.992048,0.439,15.465313,564.074,796.859,402.86,15.04391,69,920,Kapha,16.0,0,Unknown
14.639379,0.697,14.833864,467.914,282.977,543.51,15.053583,99,820,Vata,30.0,1,Vata
12.046258,0.329,13.819153,509.465,481.433,712.134,15.059232,79,931,Pitta,20.0,0,Unknown
15.085809,0.466,15.753014,854.095,792.601,725.66,15.16456,67,1034,Kapha,12.0,0,Unknown
14.863859,-0.156,14.922856,248.338,640.964,446.907,15.186092,94,857,Vata,27.0,1,Vata
14.957534,0.103,14.980081,425.185,413.745,393.824,15.196343,99,864,Vata,5.0,0,Unknown
12.11051,0.564,13.823198,557.281,600.546,582.421,15.216938,82,937,Pitta,17.0,0,Unknown
15.124193,0.523,15.775455,448.476,518.659,501.231,15.22181,64,906,Kapha,18.0,0,Unknown
15.132144,0.129,15.864258,703.205,544.333,845.058,15.233041,58,1010,Kapha,6.0,0,Unknown
12.394861,0.025,13.944243,654.482,724.303,389.828,15.241861,83,859,Pitta,25.0,0,Unknown
12.467005,0.296,14.135294,753.05,744.321,349.882,15.310934,75,876,Pitta,8.0,1,Pitta
12.503974,0.335,14.159796,368.867,541.925,327.256,15.313946,78,861,Pitta,3.0,0,Unknown
12.567346,0.091,14.202918,327.174,664.211,633.263,15.400835,82,856,Pitta,4.0,0,Unknown
15.133388,0.05,15.891975,625.748,868.994,829.523,15.419156,69,926,Kapha,13.0,0,Unknown
15.014574,0.656,15.460973,578.082,281.117,516.356,15.522699,99,852,Vata,30.0,1,Vata
15.106938,0.874,15.488006,373.786,206.304,551.929,15.574587,99,874,Vata,0.0,0,Unknown
15.15978,0.29,15.907396,869.234,812.836,438.364,15.606959,56,907,Kapha,43.0,0,Unknown
15.476498,0.414,15.585227,532.456,479.878,202.182,15.614196,91,806,Vata,35.0,1,Vata
15.218548,0.308,15.922184,461.26,748.899,453.194,15.667629,67,927,Kapha,24.0,0,Unknown
12.894992,0.004,14.340872,309.266,458.227,703.768,15.78155,71,866,Pitta,4.0,0,Unknown
13.062751,0.653,14.378747,371.811,471.093,554.342,15.782171,75,914,Pitta,4.0,0,Unknown
15.28323,0.498,15.958444,506.014,441.117,647.586,15.804217,62,946,Kapha,13.0,0,Unknown
13.09046,0.352,14.535429,628.975,397.232,327.357,15.840771,71,913,Pitta,9.0,1,Pitta
15.526799,0.439,15.588215,597.725,463.7,283.477,15.843719,91,779,Vata,20.0,1,Vata
15.912142,-0.071,15.936003,663.589,559.677,556.523,15.856576,97,895,Vata,6.0,0,Unknown
16.249935,0.337,16.021696,317.321,645.129,533.193,15.878102,85,863,Vata,12.0,0,Pitta
13.291036,-0.087,14.552657,663.739,580.974,567.735,15.90535,73,875,Pitta,12.0,1,Pitta
13.476146,0.623,14.648854,693.253,457.282,767.875,16.013957,84,864,Pitta,11.0,1,Pitta
16.280942,0.439,16.139604,399.658,239.703,683.024,16.044122,93,866,Vata,9.0,0,Unknown
16.642871,0.091,16.184977,276.208,565.748,580.519,16.112025,92,809,Vata,1.0,0,Unknown
16.718788,0.123,16.395572,696.242,293.706,675.386,16.131211,88,847,Vata,4.0,0,Unknown
16.796034,0.253,16.4176,663.5,629.089,551.27,16.170712,94,875,Vata,6.0,0,Unknown
15.47637,0.266,16.169403,414.771,609.132,704.611,16.173702,62,985,Kapha,32.0,0,Unknown
13.561992,0.783,15.052408,421.854,342.185,598.807,16.178064,77,882,Pitta,15.0,0,Unknown
15.542109,0.343,16.311644,616.968,679.651,537.454,16.244024,68,909,Kapha,9.0,0,Unknown
16.846342,-0.176,16.452912,469.979,609.532,349.026,16.24838,95,843,Vata,27.0,1,Vata
16.856071,0.186,16.609668,621.017,470.397,252.682,16.256562,89,883,Vata,6.0,0,Unknown
16.857791,0.054,17.222288,460.479,555.121,590.912,16.265775,86,871,Vata,3.0,0,Unknown
15.758017,0.316,16.455711,538.916,493.706,758.399,16.270667,66,1013,Kapha,20.0,0,Unknown
13.601439,0.445,15.108406,452.947,642.503,704.714,16.302451,82,911,Pitta,16.0,0,Unknown
16.911286,0.193,17.234339,511.793,357.175,522.075,16.316762,97,857,Vata,15.0,1,Vata
13.876796,0.353,15.202764,541.567,653.877,700.076,16.334433,76,896,Pitta,21.0,0,Unknown
13.95248,0.691,15.239085,331.592,479.996,766.065,16.33714,80,944,Pitta,4.0,0,Unknown
15.79477,0.023,16.79624,834.953,624.113,697.458,16.432309,65,932,Kapha,15.0,0,Unknown
13.984369,0.757,15.25555,605.571,338.362,685.114,16.442495,81,884,Pitta,16.0,0,Unknown
15.828364,0.369,17.091161,702.47,700.513,562.412,16.443252,60,1034,Kapha,21.0,0,Unknown
14.137371,0.579,15.284922,791.868,513.149,673.85,16.487869,82,914,Pitta,22.0,0,Unknown
16.922074,-0.056,17.499755,244.562,435.584,224.093,16.517293,93,753,Vata,11.0,0,Unknown
15.902095,0.497,17.124317,707.045,563.688,412.686,16.564508,68,1030,Kapha,25.0,0,Unknown
14.554696,0.301,15.305606,480.403,521.168,417.051,16.574336,78,921,Pitta,10.0,1,Pitta
17.09043,0.869,17.778487,577.635,610.818,380.025,16.579147,99,842,Vata,21.0,1,Vata
17.142725,0.512,17.84094,263.857,429.633,678.4,16.620751,96,755,Vata,3.0,0,Unknown
17.192475,0.615,18.057814,613.034,378.899,450.201,16.671167,96,781,Vata,0.0,0,Unknown
16.114776,0.095,17.131504,665.955,790.472,775.075,16.775662,62,913,Kapha,34.0,0,Unknown
16.198418,0.357,17.170852,445.925,820.225,507.377,16.939581,63,945,Kapha,1.0,1,Kapha
14.614268,0.433,15.384782,676.424,634.335,329.963,16.973155,76,925,Pitta,13.0,1,Pitta
14.628116,0.531,15.522657,550.017,457.708,558.8,17.081266,70,932,Pitta,6.0,1,Pitta
17.385087,0.747,18.475796,591.014,447.106,416.365,17.145499,90,855,Vata,20.0,1,Vata
16.203508,0.356,17.23982,622.509,561.805,817.237,17.199555,67,960,Kapha,23.0,0,Unknown
17.473748,0.398,18.621718,554.372,614.125,428.85,17.2477,87,895,Vata,20.0,1,Vata
17.528679,-0.096,18.91742,218.08,367.604,304.441,17.257964,96,764,Vata,9.0,0,Unknown
17.592646,0.445,18.969366,351.564,286.881,384.354,17.351247,91,871,Vata,5.0,0,Unknown
14.649697,0.075,15.624187,363.906,641.3,362.217,17.443338,71,874,Pitta,20.0,0,Unknown
14.843985,0.302,15.642526,591.119,735.744,781.098,17.484908,75,906,Pitta,4.0,0,Unknown
15.216766,0.647,15.7491,449.937,418.743,444.962,17.495288,76,881,Pitta,1.0,0,Unknown
17.615511,0.504,19.12515,331.556,556.007,384.907,17.542987,93,845,Vata,17.0,1,Vata
15.255674,0.489,15.763257,317.202,789.46,726.472,17.544905,72,912,Pitta,21.0,0,Unknown
16.222994,0.099,17.292718,899.753,819.329,610.145,17.556764,55,912,Kapha,17.0,0,Unknown
15.272433,0.27,15.906795,617.465,493.184,493.812,17.560287,78,861,Pitta,23.0,0,Unknown
15.338346,0.497,15.933456,729.466,433.629,461.597,17.575512,82,912,Pitta,4.0,0,Unknown
15.344622,0.006,16.006324,472.385,510.756,767.579,17.600918,84,926,Pitta,2.0,0,Unknown
16.240476,0.074,17.438578,817.615,451.788,688.539,17.620585,63,915,Kapha,21.0,0,Unknown
16.464758,0.588,17.473399,846.73,818.865,836.474,17.659305,56,1032,Kapha,7.0,0,Unknown
15.486236,0.261,16.028644,495.148,347.199,481.661,17.749363,76,941,Pitta,20.0,0,Unknown
16.526801,0.236,17.640203,811.613,476.375,831.812,17.764925,68,937,Kapha,8.0,0,Unknown
16.621527,0.136,17.780885,451.521,441.464,585.76,17.775345,67,937,Kapha,1.0,1,Kapha
17.666934,0.695,19.146028,380.068,612.989,226.178,17.837447,87,755,Vata,20.0,1,Vata
15.748235,0.614,16.067548,745.511,362.853,495.144,17.88236,83,850,Pitta,4.0,0,Unknown
15.868309,0.098,16.268535,706.804,507.217,353.046,17.883454,75,900,Pitta,8.0,1,Pitta
15.959862,0.067,16.299851,657.476,681.222,635.223,17.900265,82,919,Pitta,7.0,1,Pitta
16.838135,0.103,17.84956,513.724,720.888,504.444,17.928184,55,1002,Kapha,27.0,0,Unknown
16.044917,0.756,16.439327,424.399,750.156,444.42,17.931791,75,857,Pitta,20.0,0,Unknown
16.2372,0.089,16.510207,755.108,632.409,592.802,17.940761,70,917,Pitta,5.0,1,Pitta
18.052699,0.318,19.416613,243.821,250.319,583.784,18.062765,86,861,Vata,16.0,1,Vata
16.307191,0.135,16.69606,377.208,352.61,595.676,18.083508,82,854,Pitta,4.0,0,Unknown
16.359039,0.773,16.93883,613.385,636.01,659.6,18.274522,74,938,Pitta,8.0,1,Pitta
16.421907,0.561,17.027877,314.401,617.714,672.621,18.29029,79,935,Pitta,5.0,1,Pitta
16.915773,0.401,17.878788,401.561,635.969,787.573,18.322889,62,955,Kapha,17.0,0,Unknown
16.916213,0.366,17.882551,551.755,853.945,616.54,18.360366,62,962,Kapha,0.0,1,Kapha
17.007669,0.386,18.039338,454.304,581.595,496.021,18.406365,65,1019,Kapha,3.0,1,Kapha
18.254535,-0.047,19.47515,668.479,319.937,408.252,18.406596,91,869,Vata,26.0,1,Vata
17.046249,0.053,18.055144,636.397,543.576,852.213,18.428997,58,947,Kapha,33.0,0,Unknown
17.212012,0.536,18.326654,738.564,650.367,499.052,18.44773,62,1004,Kapha,4.0,1,Kapha
18.276826,0.141,19.511404,476.901,270.986,611.09,18.46775,91,872,Vata,29.0,1,Vata
17.276046,0.234,18.407657,837.253,627.973,412.904,18.501304,61,958,Kapha,30.0,0,Unknown
16.532194,0.53,17.043503,621.86,702.882,557.226,18.508153,72,941,Pitta,11.0,1,Pitta
17.351589,0.188,18.636058,774.609,572.214,410.14,18.574161,67,976,Kapha,5.0,0,Unknown
18.658939,0.236,19.587678,352.762,373.971,625.174,18.588413,88,816,Vata,21.0,1,Vata
17.369872,0.277,18.706659,869.293,746.871,711.158,18.684339,56,1026,Kapha,32.0,0,Unknown
16.67071,0.668,17.354634,438.572,712.624,465.496,18.752619,76,888,Pitta,20.0,0,Unknown
17.695868,0.234,18.781521,426.949,779.781,730.838,18.759379,59,954,Kapha,17.0,0,Unknown
18.702665,0.575,19.62199,398.491,425.175,305.997,18.766679,95,855,Vata,36.0,1,Vata
18.861359,0.485,20.107131,423.601,574.413,528.677,18.774444,93,888,Vata,2.0,0,Unknown
17.920329,0.518,19.121835,406.09,826.492,555.521,18.824116,68,954,Kapha,25.0,0,Unknown
19.01532,0.227,20.213748,500.297,525.574,436.141,18.829608,98,792,Vata,30.0,1,Vata
18.517959,0.558,19.299748,730.669,886.428,560.005,18.868598,64,1028,Kapha,34.0,0,Unknown
16.935748,0.004,17.415306,524.838,734.102,718.725,18.995884,79,872,Pitta,15.0,0,Unknown
18.556087,0.182,19.340307,544.676,533.328,569.747,19.07636,58,1035,Kapha,21.0,0,Unknown
18.559453,0.518,19.391644,526.751,758.047,740.079,19.178882,57,1026,Kapha,1.0,1,Kapha
17.001844,0.535,17.501607,472.632,507.066,454.933,19.229214,72,917,Pitta,15.0,0,Unknown
17.154032,0.353,17.696749,386.378,648.932,553.755,19.243986,74,901,Pitta,2.0,0,Unknown
19.080208,0.984,20.220191,457.84,510.464,640.078,19.269729,92,894,Vata,18.0,1,Vata
18.795044,0.469,19.735187,565.444,597.129,429.067,19.282197,55,1031,Kapha,37.0,0,Unknown
17.366454,0.646,17.725322,610.99,434.125,500.626,19.335624,76,853,Pitta,21.0,0,Unknown
18.939218,0.558,19.817651,534.898,738.541,864.558,19.339999,59,984,Kapha,17.0,0,Unknown
17.612088,0.357,17.786693,740.988,799.668,727.539,19.346989,83,896,Pitta,24.0,0,Unknown
18.966293,0.147,20.048185,655.718,637.991,511.261,19.36887,64,1014,Kapha,19.0,0,Unknown
19.138538,0.527,20.367012,659.696,376.187,307.87,19.381641,97,845,Vata,33.0,1,Vata
19.158818,0.085,20.392498,448.482,620.724,538.907,19.470708,97,881,Vata,0.0,0,Unknown
17.728075,0.458,17.792255,779.542,387.667,515.959,19.476528,72,870,Pitta,25.0,0,Unknown
19.202976,-0.078,20.51233,696.079,435.644,503.876,19.517437,85,830,Vata,13.0,0,Pitta
17.739902,0.33,17.877296,396.173,305.057,493.05,19.546773,82,905,Pitta,3.0,0,Unknown
19.246804,-0.017,20.752983,625.712,689.552,347.651,19.598355,85,790,Vata,3.0,0,Unknown
19.377388,0.095,20.7561,304.255,517.071,268.3,19.604553,89,882,Vata,4.0,0,Unknown
17.744854,0.33,17.996309,658.686,374.404,644.912,19.606386,82,915,Pitta,7.0,1,Pitta
19.035313,0.346,20.234265,620.074,896.887,899.837,19.730717,62,957,Kapha,20.0,0,Unknown
19.392176,-0.007,20.868552,665.298,263.132,525.82,19.947369,90,784,Vata,28.0,1,Vata
17.841692,0.591,18.108003,632.17,687.936,601.221,19.964049,79,908,Pitta,11.0,1,Pitta
19.510999,0.024,21.007516,258.183,538.089,569.299,20.017704,87,771,Vata,8.0,0,Unknown
19.51982,0.142,21.037616,608.725,362.552,357.814,20.042998,97,899,Vata,10.0,0,Unknown
19.159013,0.165,20.262646,656.214,764.451,485.761,20.091417,66,936,Kapha,31.0,0,Unknown
19.378724,0.494,20.32807,736.357,876.246,785.773,20.113391,63,948,Kapha,3.0,1,Kapha
19.433733,0.003,20.416499,593.565,817.485,511.706,20.16958,61,966,Kapha,2.0,1,Kapha
17.884539,0.466,18.196976,471.689,523.392,353.623,20.169615,71,856,Pitta,10.0,1,Pitta
19.5302,0.339,20.502713,525.654,851.451,440.423,20.182123,66,918,Kapha,5.0,0,Unknown
19.653978,0.204,20.586931,483.1,807.21,837.467,20.20234,65,1028,Kapha,1.0,1,Kapha
19.523982,0.008,21.042709,390.312,543.164,522.416,20.232395,93,861,Vata,28.0,1,Vata
18.169793,0.47,18.247431,309.55,523.75,554.084,20.263149,75,898,Pitta,18.0,0,Unknown
19.762684,0.194,20.71079,574.737,629.58,829.376,20.374388,55,928,Kapha,20.0,0,Unknown
19.798494,0.387,20.756971,770.903,525.894,601.785,20.454985,55,986,Kapha,0.0,1,Kapha
18.18105,0.305,18.348811,644.896,777.511,667.739,20.46121,77,865,Pitta,22.0,0,Unknown
19.719873,0.876,21.277329,638.987,234.821,397.565,20.514317,96,760,Vata,19.0,1,Vata
18.254512,0.378,18.415864,772.747,759.817,796.037,20.52136,73,866,Pitta,23.0,0,Unknown
19.994504,0.511,20.766434,778.352,585.16,751.198,20.538437,69,932,Kapha,4.0,1,Kapha
20.215315,0.366,20.86427,733.453,410.118,678.533,20.573525,55,1018,Kapha,14.0,0,Unknown
18.36283,0.571,18.580132,616.06,455.597,614.573,20.590431,78,933,Pitta,23.0,0,Unknown
20.26488,0.512,20.87812,517.014,661.997,826.478,20.605835,56,1032,Kapha,22.0,0,Unknown
20.338196,0.159,20.908679,694.043,652.529,557.528,20.734852,55,970,Kapha,1.0,1,Kapha
19.853881,-0.104,21.554002,634.028,287.441,556.603,20.79145,94,752,Vata,39.0,1,Vata
18.37806,0.643,18.618427,517.646,404.529,485.147,20.83726,81,936,Pitta,13.0,1,Pitta
18.418337,0.527,18.64292,562.577,724.241,413.076,20.916148,81,947,Pitta,0.0,0,Unknown
18.428739,0.732,18.682916,399.814,753.01,736.415,20.943145,84,924,Pitta,3.0,0,Unknown
20.670354,0.312,20.991702,685.345,662.625,661.836,20.969111,58,1033,Kapha,26.0,0,Unknown
18.434338,0.638,18.944604,675.272,570.798,707.283,20.975112,77,883,Pitta,19.0,0,Unknown
18.451788,0.406,19.339489,673.21,614.712,416.961,20.988201,76,882,Pitta,1.0,0,Unknown
20.25691,0.429,21.987692,602.963,627.869,299.608,21.031232,98,886,Vata,22.0,1,Vata
20.866206,0.27,21.081356,642.133,887.016,642.686,21.0865,64,921,Kapha,34.0,0,Unknown
21.016342,0.007,21.145964,674.989,855.727,576.953,21.145862,63,976,Kapha,1.0,1,Kapha
20.279709,0.292,22.111581,595.015,313.59,645.108,21.17751,99,809,Vata,36.0,1,Vata
20.341787,0.979,22.262326,352.34,618.521,343.705,21.22735,90,825,Vata,9.0,0,Unknown
20.448212,-0.066,22.361311,240.46,339.638,383.893,21.25628,88,836,Vata,2.0,0,Unknown
20.463981,0.277,22.395107,401.49,521.441,229.046,21.265497,96,763,Vata,8.0,0,Unknown
20.952574,0.963,22.787147,286.762,547.075,255.756,21.29548,91,767,Vata,5.0,0,Unknown
21.358103,0.334,21.33732,645.895,480.856,845.728,21.320382,66,903,Kapha,25.0,0,Unknown
18.472448,0.504,19.379381,372.759,428.457,400.316,21.346445,83,875,Pitta,17.0,0,Unknown
18.528137,0.734,19.459733,738.989,700.401,657.568,21.347588,76,915,Pitta,7.0,1,Pitta
22.2878,0.397,21.608527,682.728,584.441,482.939,21.370712,58,971,Kapha,18.0,0,Unknown
21.054901,0.839,23.059599,547.476,456.327,457.931,21.413159,92,862,Vata,34.0,1,Vata
22.419018,0.355,21.787955,757.753,611.978,474.754,21.551604,67,1027,Kapha,25.0,0,Unknown
21.201134,0.78,23.313486,373.05,352.655,333.796,21.62561,93,822,Vata,26.0,1,Vata
18.795989,0.457,19.714238,434.595,616.061,457.476,21.766028,72,912,Pitta,21.0,0,Unknown
22.797597,0.442,21.799469,454.814,580.266,688.455,21.787723,58,944,Kapha,14.0,0,Unknown
22.918803,0.343,21.914652,774.813,799.248,728.747,21.902742,61,1035,Kapha,3.0,1,Kapha
18.900622,0.642,19.753837,791.128,551.757,453.199,22.071042,83,936,Pitta,22.0,0,Unknown
21.358361,0.109,23.464892,687.805,306.322,617.74,22.100833,97,772,Vata,14.0,0,Unknown
21.4052,0.005,23.549613,520.486,216.595,207.347,22.106935,95,832,Vata,2.0,0,Unknown
21.507944,0.602,23.631864,611.24,351.973,389.547,22.174452,90,874,Vata,5.0,0,Unknown
18.90063,0.52,20.034148,491.452,330.054,376.145,22.266365,75,890,Pitta,15.0,0,Unknown
21.569469,0.915,23.770361,266.262,526.581,368.673,22.266776,99,818,Vata,24.0,1,Vata
23.151567,0.04,22.070831,467.943,662.019,497.31,22.308179,68,992,Kapha,31.0,0,Unknown
23.26586,0.07,22.193318,433.314,686.05,595.359,22.311607,65,904,Kapha,3.0,1,Kapha
21.611438,0.468,23.774521,631.007,669.152,209.664,22.351996,90,796,Vata,25.0,1,Vata
18.964661,0.397,20.150609,388.942,757.967,431.988,22.372591,82,935,Pitta,8.0,1,Pitta
21.817776,0.486,23.815397,661.379,635.602,262.184,22.387357,92,865,Vata,10.0,0,Unknown
19.038329,0.118,20.278893,475.86,607.726,513.754,22.412418,82,907,Pitta,10.0,1,Pitta
21.981711,0.136,23.855664,443.531,583.032,406.821,22.435263,96,779,Vata,14.0,0,Unknown
19.078953,0.283,20.293858,520.09,396.346,666.419,22.45836,74,947,Pitta,22.0,0,Unknown
23.287287,0.358,22.529917,888.04,826.507,873.282,22.514468,63,1003,Kapha,11.0,0,Unknown
22.062948,0.723,24.115855,503.126,594.224,446.432,22.528136,89,774,Vata,26.0,1,Vata
23.287985,0.165,22.556303,878.496,802.964,523.309,22.538924,61,980,Kapha,28.0,0,Unknown
23.311869,0.048,22.583252,430.218,466.106,734.18,22.542348,55,986,Kapha,6.0,0,Unknown
23.465535,0.258,22.678101,621.627,756.957,770.075,22.652725,55,1036,Kapha,0.0,1,Kapha
23.590226,0.333,22.681864,493.122,617.718,624.064,22.86656,58,1029,Kapha,3.0,1,Kapha
23.74469,0.197,22.749652,642.672,547.324,868.763,22.894463,58,962,Kapha,0.0,1,Kapha
22.066988,0.024,24.248419,582.405,532.492,402.145,22.967926,98,861,Vata,40.0,1,Vata
19.121376,0.771,20.328781,334.654,603.193,468.154,22.976243,70,928,Pitta,28.0,0,Unknown
23.813364,0.432,22.794031,815.089,425.009,768.328,22.983941,55,950,Kapha,15.0,0,Unknown
19.142704,0.492,20.336687,589.109,638.732,464.302,23.049645,80,859,Pitta,25.0,0,Unknown
23.88329,0.386,22.809009,875.306,643.625,628.962,23.102474,60,1015,Kapha,20.0,0,Unknown
23.913553,0.2,22.8117,717.126,577.718,684.668,23.143003,64,1012,Kapha,4.0,1,Kapha
22.209522,0.188,24.414478,287.419,330.143,465.469,23.269565,87,774,Vata,23.0,1,Vata
24.173402,0.453,22.986086,576.953,525.757,746.307,23.347381,56,930,Kapha,31.0,0,Unknown
22.238529,0.311,24.507193,451.283,653.598,497.566,23.353828,96,823,Vata,40.0,1,Vata
22.321085,0.409,24.56004,399.332,535.366,204.962,23.364296,87,807,Vata,9.0,0,Unknown
19.147409,0.408,20.583104,598.816,562.885,442.457,23.405162,72,864,Pitta,15.0,0,Unknown
22.456248,0.091,25.054847,273.187,480.22,432.048,23.461972,97,843,Vata,25.0,1,Vata
22.472407,-0.062,25.066007,383.767,255.495,681.75,23.511562,90,868,Vata,7.0,0,Unknown
19.184592,0.74,20.598058,669.465,659.051,539.142,23.555265,82,891,Pitta,8.0,1,Pitta
22.476757,0.533,25.183639,234.086,423.528,459.516,23.563845,86,876,Vata,4.0,0,Unknown
24.22866,0.389,23.128226,701.663,747.336,696.095,23.565655,65,906,Kapha,21.0,0,Unknown
24.337163,0.382,23.186601,556.001,784.743,839.349,23.577528,59,902,Kapha,6.0,0,Unknown
19.385982,0.428,20.83153,314.585,590.727,390.318,23.696711,81,942,Pitta,22.0,0,Unknown
22.492235,0.146,25.28142,212.906,430.179,538.771,23.856743,90,774,Vata,9.0,0,Unknown
24.481205,0.332,23.189623,854.912,522.395,578.444,23.912623,62,950,Kapha,28.0,0,Unknown
24.554974,0.007,23.27713,835.2,424.724,549.943,23.91598,69,955,Kapha,7.0,0,Unknown
24.684656,0.418,23.379445,679.116,824.376,506.919,23.91848,57,972,Kapha,12.0,0,Unknown
22.534977,0.497,25.303256,267.583,632.282,355.932,23.942119,97,827,Vata,40.0,1,Vata
24.725617,0.226,23.60117,562.399,404.98,418.891,23.957955,63,909,Kapha,34.0,0,Unknown
24.765499,0.566,23.729345,546.695,868.556,421.507,23.970389,61,960,Kapha,2.0,1,Kapha
24.791669,0.491,23.813279,416.709,713.81,835.028,24.039471,63,949,Kapha,2.0,1,Kapha
24.835563,0.353,23.88897,807.91,560.923,739.197,24.054163,55,1021,Kapha,8.0,0,Unknown
22.575575,-0.015,25.5296,681.558,473.324,586.996,24.113232,90,848,Vata,35.0,1,Vata
19.42385,0.373,20.866944,570.619,773.885,542.815,24.143614,70,906,Pitta,20.0,0,Unknown
19.495368,0.583,21.046657,326.454,326.849,652.088,24.160272,73,936,Pitta,3.0,0,Unknown
24.973022,0.151,23.910122,625.192,523.239,730.266,24.163942,59,900,Kapha,14.0,0,Unknown
25.087896,0.122,23.946558,562.566,404.503,707.321,24.165217,66,937,Kapha,7.0,0,Unknown
25.101782,0.204,24.099188,635.555,517.736,824.61,24.178368,67,978,Kapha,1.0,1,Kapha
25.10697,0.286,24.129383,809.369,468.864,640.133,24.211366,57,988,Kapha,10.0,0,Unknown
23.105864,0.377,25.570878,474.765,390.2,586.461,24.21606,92,865,Vata,35.0,1,Vata
23.166158,0.439,25.666388,682.911,688.4,460.648,24.271643,91,797,Vata,1.0,0,Unknown
19.541088,0.541,21.11309,650.572,353.123,314.895,24.291593,79,866,Pitta,12.0,1,Pitta
19.566471,0.074,21.115786,327.864,386.836,304.89,24.366599,72,909,Pitta,7.0,1,Pitta
25.125539,0.178,24.246591,462.307,706.083,835.205,24.412744,58,981,Kapha,14.0,0,Unknown
23.204121,-0.138,25.818354,416.249,255.36,688.007,24.489101,92,759,Vata,34.0,1,Vata
19.645258,0.324,21.465286,755.864,645.086,337.561,24.527581,80,858,Pitta,12.0,1,Pitta
25.406328,0.309,24.394068,828.828,483.273,579.723,24.53062,58,966,Kapha,22.0,0,Unknown
23.290196,0.204,25.853251,355.908,411.274,262.775,24.580263,98,848,Vata,40.0,1,Vata
25.463341,0.099,24.430424,848.754,664.315,863.354,24.629587,65,916,Kapha,33.0,0,Unknown
23.320637,-0.039,25.940088,453.071,221.012,208.474,24.671491,93,760,Vata,28.0,1,Vata
23.352101,-0.124,26.134999,419.756,569.952,585.079,24.717486,90,834,Vata,3.0,0,Unknown
19.689604,0.325,21.519682,651.041,622.798,567.83,24.725794,73,885,Pitta,17.0,0,Unknown
25.46957,0.587,24.566876,873.354,695.058,749.328,24.844117,66,1026,Kapha,7.0,0,Unknown
25.500145,0.065,25.103,598.744,549.021,528.589,24.852033,61,1011,Kapha,5.0,0,Unknown
25.584363,0.559,25.154955,508.57,417.532,682.042,24.877204,64,1035,Kapha,3.0,1,Kapha
19.713489,0.24,21.583192,553.695,746.029,727.228,24.909815,78,922,Pitta,14.0,1,Pitta
25.595514,0.548,25.282616,586.82,418.627,666.515,24.942215,65,959,Kapha,13.0,0,Unknown
23.585863,0.988,26.316925,252.832,659.038,603.578,24.946506,98,898,Vata,33.0,1,Vata
25.681161,0.315,25.614319,566.456,413.174,468.949,24.954992,62,939,Kapha,36.0,0,Unknown
25.908306,0.435,25.661507,488.077,769.562,695.621,25.00252,65,988,Kapha,3.0,1,Kapha
19.823488,0.366,22.161248,520.752,666.439,302.442,25.074449,72,929,Pitta,7.0,1,Pitta
23.910284,0.187,26.625013,520.413,340.019,260.104,25.100032,87,884,Vata,15.0,1,Vata
25.910622,0.262,25.723509,703.633,559.005,557.393,25.102135,64,940,Kapha,23.0,0,Unknown
24.537177,0.772,26.718315,308.019,629.171,332.791,25.1563,94,875,Vata,30.0,1,Vata
26.023422,0.378,25.943782,638.312,798.15,426.174,25.180338,59,1039,Kapha,35.0,0,Unknown
19.83366,0.272,22.551148,365.336,554.178,768.331,25.219999,81,885,Pitta,22.0,0,Unknown
26.20663,0.204,26.266636,832.85,615.866,874.328,25.271483,67,1014,Kapha,14.0,0,Unknown
19.868789,0.079,22.853422,445.5,795.916,353.139,25.352363,75,897,Pitta,8.0,1,Pitta
24.622975,0.106,26.754162,509.794,346.109,208.776,25.363718,87,813,Vata,12.0,0,Unknown
24.757061,0.618,26.921617,525.101,655.385,346.654,25.400109,95,751,Vata,8.0,0,Unknown
26.222024,0.181,26.319323,416.055,626.499,720.745,25.421589,67,999,Kapha,28.0,0,Unknown
26.407246,0.347,26.451307,721.934,656.441,838.459,25.433985,66,1016,Kapha,1.0,1,Kapha
19.919188,0.271,23.201787,734.48,433.054,720.992,25.489712,75,900,Pitta,9.0,1,Pitta
25.04466,0.712,27.083221,276.012,576.981,586.571,25.491051,96,825,Vata,21.0,1,Vata
26.47378,0.299,26.472066,781.474,756.516,738.028,25.525872,64,988,Kapha,32.0,0,Unknown
19.966852,-0.035,23.326105,752.226,716.596,541.427,25.650342,76,946,Pitta,12.0,1,Pitta
25.176004,0.515,27.131942,230.675,602.453,458.98,25.65608,85,870,Vata,9.0,0,Pitta
26.47646,0.348,26.529368,779.743,536.751,578.492,25.731262,61,992,Kapha,24.0,0,Unknown
25.453321,0.366,27.139097,590.381,209.003,374.048,25.73666,95,791,Vata,34.0,1,Vata
20.23817,0.418,23.536022,300.374,513.395,629.679,25.89506,78,944,Pitta,17.0,0,Unknown
20.510837,0.668,23.57456,597.068,624.368,555.341,25.899613,81,919,Pitta,3.0,0,Unknown
26.492837,0.172,26.912553,843.037,460.794,656.344,25.903013,57,1038,Kapha,24.0,0,Unknown
25.626467,0.294,27.227372,429.9,681.405,385.87,25.921136,99,803,Vata,42.0,1,Vata
26.615982,0.22,27.03495,764.517,678.029,737.873,25.921488,57,959,Kapha,42.0,0,Unknown
25.652461,0.219,27.284391,229.082,563.335,200.677,25.940774,97,824,Vata,40.0,1,Vata
25.691049,0.915,27.313209,697.433,352.376,349.9,25.966013,99,765,Vata,2.0,0,Unknown
26.64678,0.05,27.054219,863.905,563.489,880.126,25.971066,57,967,Kapha,42.0,0,Unknown
26.839946,0.031,27.319105,566.328,621.246,526.835,25.98447,66,977,Kapha,9.0,0,Unknown
26.889652,0.152,27.63396,651.605,723.473,837.489,25.984566,58,945,Kapha,8.0,0,Unknown
25.739642,0.797,27.757377,228.89,614.697,523.229,26.008334,89,767,Vata,31.0,1,Vata
25.916701,0.958,27.809643,547.518,340.761,687.097,26.014968,98,839,Vata,9.0,0,Unknown
20.7375,0.553,23.725096,659.65,663.634,538.524,26.026696,76,923,Pitta,22.0,0,Unknown
26.031099,-0.051,28.044091,691.839,636.377,623.53,26.041258,88,893,Vata,12.0,0,Unknown
26.338285,0.677,28.392594,319.59,256.29,211.797,26.064199,93,755,Vata,5.0,0,Unknown
26.909114,0.045,27.641098,407.04,647.063,862.039,26.098812,60,937,Kapha,33.0,0,Unknown
26.934703,0.062,27.658176,403.479,710.139,735.208,26.279865,69,916,Kapha,9.0,0,Unknown
20.987764,0.224,23.795434,609.373,616.877,717.45,26.316686,83,929,Pitta,14.0,1,Pitta
20.991263,-0.022,23.80736,340.84,370.254,677.943,26.321082,70,917,Pitta,13.0,1,Pitta
26.40915,0.926,28.452853,271.125,551.843,649.28,26.352636,99,857,Vata,29.0,1,Vata
21.092536,0.082,23.877621,408.862,521.476,541.701,26.413304,84,871,Pitta,15.0,0,Unknown
26.948892,0.488,27.728428,520.063,672.1,865.633,26.421106,59,965,Kapha,25.0,0,Unknown
21.262631,0.391,23.947566,425.17,580.719,355.818,26.510942,77,926,Pitta,18.0,0,Unknown
26.49183,0.017,28.477853,260.692,470.349,591.599,26.537628,93,797,Vata,16.0,1,Vata
26.906731,-0.12,28.792537,351.638,248.267,590.188,26.552731,99,791,Vata,6.0,0,Unknown
26.994767,0.023,27.73971,450.404,769.898,598.939,26.555341,62,935,Kapha,37.0,0,Unknown
27.005716,0.395,27.820548,530.106,752.968,876.508,26.618739,68,973,Kapha,6.0,0,Unknown
21.39428,0.086,24.068878,715.862,724.522,357.701,26.631359,74,929,Pitta,6.0,1,Pitta
27.092821,0.164,27.856342,488.522,667.095,751.391,26.635002,68,906,Kapha,6.0,0,Unknown
27.272464,0.689,28.79633,250.523,320.947,428.998,26.635167,98,825,Vata,30.0,1,Vata
21.587646,0.39,24.101814,531.6,521.823,700.77,26.661132,78,942,Pitta,20.0,0,Unknown
21.62253,0.108,24.306483,543.414,759.374,564.695,26.738328,79,855,Pitta,1.0,0,Unknown
21.698826,0.664,24.308913,767.447,520.187,540.795,26.877222,82,875,Pitta,3.0,0,Unknown
27.130976,0.523,27.890988,414.26,739.452,421.003,26.961079,66,915,Kapha,16.0,0,Unknown
27.139409,0.291,27.902119,854.652,836.78,853.436,27.007456,67,913,Kapha,1.0,1,Kapha
27.339405,0.489,28.830417,546.081,206.202,399.003,27.015255,89,826,Vata,22.0,1,Vata
27.202236,0.183,28.068145,404.112,616.136,642.236,27.037406,59,979,Kapha,30.0,0,Unknown
21.818722,0.258,24.473756,618.543,574.39,640.283,27.042363,84,924,Pitta,25.0,0,Unknown
27.364199,0.81,28.835195,231.146,434.384,351.458,27.077647,94,881,Vata,10.0,0,Unknown
27.250048,0.311,28.14362,768.041,606.382,630.163,27.15387,65,924,Kapha,29.0,0,Unknown
27.495173,-0.032,28.891341,454.711,350.633,232.847,27.260725,88,879,Vata,23.0,1,Vata
27.821904,0.754,29.200136,698.348,499.179,314.118,27.285861,91,808,Vata,3.0,0,Unknown
27.268964,0.229,28.166092,476.074,782.123,683.233,27.297619,66,1004,Kapha,25.0,0,Unknown
27.935881,0.042,29.318591,606.985,348.619,323.302,27.31032,99,776,Vata,33.0,1,Vata
22.017684,0.121,24.864504,749.334,698.143,729.421,27.369524,81,937,Pitta,18.0,0,Unknown
27.421437,0.339,28.179255,856.115,691.277,474.692,27.484016,59,903,Kapha,22.0,0,Unknown
22.201471,0.631,25.043497,528.254,591.534,614.437,27.518994,74,942,Pitta,15.0,0,Unknown
28.119639,-0.004,29.330795,507.61,349.96,442.039,27.536431,90,828,Vata,16.0,1,Vata
22.292791,0.209,25.100748,374.718,780.109,681.424,27.538183,74,852,Pitta,16.0,0,Unknown
27.438997,0.069,28.214945,846.398,435.503,634.583,27.831913,68,1026,Kapha,6.0,0,Unknown
28.332896,-0.003,29.365498,353.127,571.597,573.722,27.854311,88,821,Vata,20.0,1,Vata
27.747409,0.598,28.55438,726.951,846.056,815.564,27.855985,64,955,Kapha,24.0,0,Unknown
27.757156,0.255,28.842843,736.117,415.392,407.741,27.864174,56,905,Kapha,8.0,0,Unknown
27.81287,0.209,29.015583,402.67,774.198,536.459,27.892256,66,1028,Kapha,10.0,0,Unknown
22.327213,0.0,25.6115,764.968,630.168,682.635,27.93034,84,901,Pitta,18.0,0,Unknown
28.408306,0.777,29.495673,511.948,224.071,436.905,27.978585,97,756,Vata,13.0,0,Unknown
27.874966,0.426,29.220962,892.436,779.397,401.227,28.018045,65,1028,Kapha,32.0,0,Unknown
22.428487,0.413,25.872629,529.353,561.355,478.131,28.142403,81,923,Pitta,16.0,0,Unknown
28.065494,0.218,29.300095,838.916,876.556,607.856,28.368268,65,1014,Kapha,16.0,0,Unknown
22.436828,0.423,25.919362,390.816,311.796,437.042,28.372759,81,909,Pitta,16.0,0,Unknown
28.45043,0.598,29.536671,463.521,651.447,228.922,28.435273,97,860,Vata,16.0,1,Vata
29.367166,0.428,29.708792,413.042,626.132,678.895,28.455301,99,868,Vata,2.0,0,Unknown
28.071568,0.5,29.511412,847.553,427.067,764.158,28.513648,59,956,Kapha,40.0,0,Unknown
28.119098,0.273,29.610551,729.622,698.428,799.386,28.517579,69,964,Kapha,10.0,0,Unknown
23.083955,0.543,25.920634,451.198,506.866,700.582,28.801111,83,912,Pitta,14.0,1,Pitta
23.106156,0.116,25.933864,325.401,449.624,488.589,28.80647,71,914,Pitta,12.0,1,Pitta
28.219443,0.432,29.703357,572.393,613.92,872.595,28.876569,66,964,Kapha,5.0,0,Unknown
28.245744,0.064,29.719059,846.824,565.316,704.252,28.886121,61,1002,Kapha,5.0,0,Unknown
28.270354,0.508,29.770556,545.758,445.159,527.313,28.90199,56,920,Kapha,5.0,0,Unknown
28.605233,0.441,29.865394,681.356,681.327,862.074,28.952304,68,932,Kapha,12.0,0,Unknown
29.496953,0.231,29.752544,265.355,533.902,671.362,28.982382,94,812,Vata,26.0,1,Vata
23.156371,0.299,26.140324,534.15,674.053,751.668,29.011324,81,901,Pitta,13.0,1,Pitta
29.551062,0.853,29.830486,643.302,496.611,592.595,29.039362,86,873,Vata,5.0,0,Unknown
29.116843,0.127,29.931061,449.865,639.52,787.658,29.052784,67,921,Kapha,19.0,0,Unknown
29.557506,0.271,29.891743,424.892,646.151,695.664,29.10568,85,761,Vata,18.0,1,Unknown
29.182326,0.087,30.062843,860.978,452.277,687.214,29.133972,60,1009,Kapha,25.0,0,Unknown
23.247078,0.154,26.205469,726.564,404.139,334.845,29.286267,80,939,Pitta,20.0,0,Unknown
23.648163,-0.027,26.318941,766.79,402.61,329.109,29.298579,72,925,Pitta,8.0,1,Pitta
29.627736,0.78,29.933289,297.311,292.665,472.241,29.309738,88,890,Vata,16.0,1,Vata
23.816878,0.689,26.444342,766.301,394.76,763.502,29.353794,79,863,Pitta,9.0,1,Pitta
23.896833,0.556,26.613801,362.615,362.808,624.227,29.441661,78,938,Pitta,1.0,0,Unknown
29.665218,0.327,30.434089,383.88,239.485,681.384,29.465744,88,792,Vata,10.0,0,Unknown
23.950008,0.171,26.651037,491.027,455.504,489.8,29.541456,76,921,Pitta,12.0,1,Pitta
29.490854,0.19,30.08106,470.385,706.245,747.82,29.606657,61,903,Kapha,15.0,0,Unknown
24.107588,0.439,26.663737,314.114,742.961,677.53,29.630952,70,917,Pitta,9.0,1,Pitta
29.512558,0.586,30.285259,512.448,768.977,862.158,29.727552,59,1039,Kapha,11.0,0,Unknown
29.698968,0.154,30.309841,679.067,783.639,756.197,29.730551,63,973,Kapha,4.0,1,Kapha
24.133424,0.081,26.677659,727.583,687.464,636.163,29.741446,72,877,Pitta,9.0,1,Pitta
29.743021,0.274,30.309943,782.047,852.687,584.187,29.750402,68,1018,Kapha,4.0,1,Kapha
24.545109,0.701,26.690362,479.378,667.626,565.601,29.834451,81,920,Pitta,13.0,1,Pitta
24.744184,0.003,26.768955,615.559,698.668,349.437,29.954574,71,859,Pitta,10.0,1,Pitta
29.710615,0.252,30.448064,407.065,319.755,237.803,30.006765,97,766,Vata,26.0,1,Vata
29.83491,0.355,30.761311,613.769,597.289,382.84,30.021567,85,812,Vata,12.0,0,Pitta
24.820721,-0.097,26.770226,657.449,434.709,706.09,30.034853,70,906,Pitta,15.0,0,Unknown
24.897626,0.352,26.853111,514.922,743.721,733.012,30.110415,78,949,Pitta,8.0,1,Pitta
29.858973,0.018,30.443646,709.676,604.735,756.514,30.151778,58,992,Kapha,20.0,0,Unknown
30.090978,0.162,30.889041,566.807,217.335,312.691,30.157875,90,869,Vata,32.0,1,Vata
30.158226,0.697,30.935762,584.652,491.403,297.917,30.187948,88,785,Vata,2.0,0,Unknown
24.907496,0.425,26.95609,453.221,368.652,386.084,30.217196,77,915,Pitta,11.0,1,Pitta
24.930844,0.421,27.006592,781.106,468.173,725.256,30.265485,84,939,Pitta,7.0,1,Pitta
30.160741,0.403,31.062699,205.516,697.719,270.401,30.338049,85,757,Vata,1.0,0,Unknown
29.878578,0.238,30.498702,516.067,876.536,420.139,30.359,68,964,Kapha,17.0,0,Unknown
24.975767,-0.051,27.014177,782.244,593.374,738.924,30.381033,74,899,Pitta,6.0,1,Pitta
29.94217,0.343,30.504359,400.472,832.715,593.208,30.3823,68,964,Kapha,6.0,0,Unknown
30.188176,0.079,31.186437,408.077,627.848,511.207,30.423579,85,818,Vata,17.0,1,Unknown
30.152856,0.572,30.612775,778.575,548.251,603.162,30.467051,67,909,Kapha,18.0,0,Unknown
30.315142,0.879,31.58416,440.672,460.723,590.661,30.468304,99,839,Vata,32.0,1,Vata
30.193152,0.31,30.721403,892.604,479.642,483.419,30.473653,64,1045,Kapha,35.0,0,Unknown
30.265262,0.491,30.730197,804.957,617.695,411.543,30.532575,69,946,Kapha,5.0,0,Unknown
25.359362,0.183,27.235568,444.718,351.453,574.714,30.54491,80,863,Pitta,11.0,1,Pitta
30.284369,0.328,30.999856,630.103,600.949,466.691,30.552695,55,965,Kapha,25.0,0,Unknown
30.512333,0.024,31.047661,851.884,687.86,727.311,30.554715,68,948,Kapha,13.0,0,Unknown
25.691036,0.349,27.304538,539.813,665.065,628.09,30.756303,81,865,Pitta,13.0,1,Pitta
26.043131,0.095,27.403836,786.422,493.623,491.119,30.790201,71,903,Pitta,10.0,1,Pitta
26.159711,0.685,27.42358,302.434,692.203,440.896,30.880171,70,892,Pitta,1.0,0,Unknown
30.514241,0.261,31.736228,209.596,231.82,489.149,30.896001,97,785,Vata,27.0,1,Vata
30.58339,0.189,31.166927,604.924,691.693,801.144,30.898789,62,921,Kapha,35.0,0,Unknown
30.644838,0.452,31.870172,329.907,615.687,273.481,30.90034,85,777,Vata,23.0,1,Unknown
26.223091,-0.022,27.477793,506.339,546.448,660.992,30.968088,76,891,Pitta,9.0,1,Pitta
30.680544,0.888,32.218465,580.145,499.489,605.562,31.080484,92,867,Vata,16.0,1,Vata
30.725583,0.549,32.369478,268.555,257.466,517.977,31.12206,94,842,Vata,2.0,0,Unknown
26.43235,0.339,27.817324,350.229,390.437,730.938,31.149782,82,930,Pitta,12.0,1,Pitta
30.854066,-0.06,32.399123,467.655,246.929,394.083,31.153474,92,825,Vata,10.0,0,Unknown
26.469033,0.522,27.840026,554.579,667.381,627.039,31.227366,80,871,Pitta,12.0,1,Pitta
30.978021,0.928,32.475995,307.601,654.813,537.065,31.286941,86,850,Vata,6.0,0,Unknown
26.723192,0.136,28.012686,312.335,426.072,555.795,31.363841,80,917,Pitta,6.0,1,Pitta
26.724571,0.462,28.333586,503.449,545.405,379.462,31.628903,84,868,Pitta,4.0,0,Unknown
27.071591,0.646,28.33491,410.35,337.767,326.729,31.639181,71,915,Pitta,13.0,1,Pitta
27.093935,0.071,28.527816,566.654,608.933,522.846,31.649757,70,888,Pitta,1.0,0,Unknown
31.099779,0.553,32.47778,206.06,534.6,329.952,31.660648,95,893,Vata,25.0,1,Vata
30.623563,0.345,31.204961,662.467,774.993,894.102,31.80531,69,985,Kapha,26.0,0,Unknown
30.784633,0.57,31.657467,638.565,654.945,573.182,31.814852,62,925,Kapha,7.0,0,Unknown
27.125196,0.725,29.012991,797.997,632.929,324.675,31.841711,71,922,Pitta,9.0,1,Pitta
31.127437,0.202,32.514057,320.601,614.643,372.596,31.950244,97,763,Vata,26.0,1,Vata
30.818003,0.515,31.766144,623.812,452.411,699.69,32.000287,61,1036,Kapha,36.0,0,Unknown
30.83255,0.137,31.845036,787.595,829.146,868.572,32.046101,62,1048,Kapha,1.0,1,Kapha
27.256704,0.398,29.014475,700.268,489.337,584.667,32.122252,76,868,Pitta,14.0,1,Pitta
31.204081,-0.033,32.669346,687.937,639.489,658.743,32.133229,91,820,Vata,15.0,1,Vata
31.334596,0.753,32.855543,600.769,485.886,345.252,32.139396,98,873,Vata,7.0,0,Unknown
31.36397,0.544,33.051442,679.788,458.723,434.994,32.156105,92,874,Vata,6.0,0,Unknown
31.385871,0.44,33.321813,443.927,415.214,645.071,32.299917,92,786,Vata,0.0,0,Unknown
27.322988,0.169,29.244378,722.821,777.211,491.365,32.44545,76,865,Pitta,16.0,0,Unknown
31.485386,0.873,33.578921,254.868,358.473,553.861,32.4543,95,778,Vata,19.0,1,Vata
31.662067,0.746,33.943918,473.98,417.298,231.102,32.505658,94,892,Vata,1.0,0,Unknown
27.446583,0.288,29.312548,617.632,737.084,678.595,32.554527,79,903,Pitta,15.0,0,Unknown
30.895651,0.132,31.879848,663.384,554.882,483.521,32.612063,56,994,Kapha,23.0,0,Unknown
27.559886,0.181,29.353635,320.78,653.97,452.824,32.650989,75,874,Pitta,19.0,0,Unknown
31.779035,-0.018,34.020976,427.189,586.94,273.652,32.655238,99,768,Vata,24.0,1,Vata
30.992791,0.121,31.919299,558.359,885.649,758.823,32.700505,57,1006,Kapha,42.0,0,Unknown
31.027253,0.553,31.938616,529.079,458.93,777.489,32.729289,63,1033,Kapha,6.0,0,Unknown
31.136242,0.512,32.041664,418.874,879.126,444.488,32.733753,55,913,Kapha,8.0,0,Unknown
31.210844,0.465,32.088059,691.598,445.506,830.625,32.761476,62,970,Kapha,7.0,0,Unknown
27.578676,0.553,29.525521,403.399,656.826,596.491,32.783428,74,867,Pitta,12.0,1,Pitta
31.231232,0.236,32.092365,514.981,515.518,806.553,32.821689,62,974,Kapha,12.0,0,Unknown
27.966978,0.617,29.638749,762.532,426.201,568.842,32.844384,72,872,Pitta,10.0,1,Pitta
31.389489,0.303,32.251386,474.067,423.29,416.702,32.892226,61,1019,Kapha,11.0,0,Unknown
31.881278,0.174,34.052451,622.179,500.962,203.921,32.90515,95,855,Vata,34.0,1,Vata
31.52592,0.279,32.299582,726.915,752.557,445.542,32.909015,67,1011,Kapha,28.0,0,Unknown
28.003686,0.65,29.762564,483.057,628.408,302.356,32.918058,83,934,Pitta,16.0,0,Unknown
32.146481,0.098,34.076714,249.041,646.262,515.461,32.93152,97,770,Vata,14.0,0,Unknown
28.127393,0.787,29.833752,351.818,399.103,336.195,32.95611,81,860,Pitta,16.0,0,Unknown
31.778672,0.152,32.490377,740.605,825.149,424.563,33.106757,68,950,Kapha,13.0,0,Unknown
32.360535,0.693,34.236585,444.121,421.69,423.837,33.202271,91,813,Vata,23.0,1,Vata
28.17112,0.612,29.951187,651.203,372.002,445.184,33.22067,72,888,Pitta,19.0,0,Unknown
31.851542,0.303,32.671878,776.077,617.036,567.372,33.229855,65,1029,Kapha,7.0,0,Unknown
28.194922,0.441,29.9729,449.729,799.734,741.118,33.258042,80,917,Pitta,15.0,0,Unknown
28.38165,0.205,30.062414,434.428,611.188,373.507,33.289548,82,874,Pitta,2.0,0,Unknown
32.023525,0.018,32.856719,651.788,864.261,654.644,33.330539,59,1042,Kapha,23.0,0,Unknown
28.449858,0.39,30.165011,798.989,515.494,655.447,33.331504,81,912,Pitta,22.0,0,Unknown
28.466094,-0.063,30.419977,729.069,444.082,786.683,33.400923,78,945,Pitta,3.0,0,Unknown
32.438107,-0.16,34.720525,275.024,503.545,267.137,33.412707,89,776,Vata,11.0,0,Unknown
28.632005,0.57,30.476922,503.969,601.96,695.284,33.420408,73,879,Pitta,16.0,0,Unknown
32.558678,0.484,34.805172,362.338,515.654,678.967,33.44023,85,804,Vata,12.0,0,Pitta
28.700129,0.301,30.548125,790.131,324.797,421.473,33.445757,78,894,Pitta,7.0,1,Pitta
32.171537,0.079,32.930505,847.027,695.15,666.174,33.458544,58,935,Kapha,20.0,0,Unknown
32.561765,0.715,34.918284,568.679,495.849,464.83,33.543557,96,778,Vata,38.0,1,Vata
29.138812,-0.082,30.579387,625.057,347.34,754.183,33.59962,73,939,Pitta,23.0,0,Unknown
32.737007,0.852,34.930228,438.009,551.317,320.947,33.640698,93,897,Vata,20.0,1,Vata
29.392229,-0.044,30.770122,671.011,316.428,346.554,33.688677,71,910,Pitta,22.0,0,Unknown
29.424511,0.249,30.771773,315.757,549.585,534.071,33.695062,84,949,Pitta,13.0,1,Pitta
32.802617,0.21,35.121262,387.944,318.717,450.302,33.803721,97,774,Vata,13.0,0,Unknown
32.230159,0.532,32.944993,868.171,715.004,533.833,33.888767,64,1017,Kapha,33.0,0,Unknown
32.245016,0.451,32.948641,803.685,822.71,855.798,33.917338,64,903,Kapha,0.0,1,Kapha
32.303051,0.254,33.12109,717.797,548.4,584.131,33.94908,67,905,Kapha,3.0,1,Kapha
32.924027,0.786,35.54102,397.238,456.182,539.81,33.970841,91,819,Vata,24.0,1,Vata
29.523269,0.425,30.791394,360.803,600.303,743.771,34.156883,73,900,Pitta,18.0,0,Unknown
32.480123,0.31,33.236504,551.86,577.133,422.775,34.165961,69,1009,Kapha,4.0,1,Kapha
29.671268,0.318,30.831992,616.543,331.24,620.633,34.168591,75,947,Pitta,6.0,1,Pitta
29.958177,0.457,30.837327,749.512,660.612,506.822,34.171277,75,858,Pitta,0.0,0,Unknown
32.522001,0.222,33.29459,891.472,852.976,550.114,34.223166,64,998,Kapha,11.0,0,Unknown
32.570482,0.444,33.315799,537.068,850.482,665.555,34.244625,68,1021,Kapha,4.0,1,Kapha
32.9536,-0.067,35.544467,429.723,252.112,238.12,34.304759,86,812,Vata,18.0,1,Vata
32.904056,0.471,33.410665,501.328,888.241,604.111,34.328813,64,1016,Kapha,22.0,0,Unknown
32.971733,0.816,35.576396,592.508,392.256,337.352,34.356434,90,879,Vata,26.0,1,Vata
30.149453,0.332,30.841402,611.872,415.198,446.406,34.360969,74,925,Pitta,16.0,0,Unknown
30.212819,0.496,30.844915,367.012,642.601,487.55,34.417671,84,851,Pitta,10.0,1,Pitta
33.250183,0.458,33.593586,621.077,850.919,536.921,34.456223,60,995,Kapha,24.0,0,Unknown
30.732882,0.097,30.853621,357.88,790.949,554.471,34.56956,84,854,Pitta,24.0,0,Unknown
33.231257,-0.047,35.577051,646.042,443.834,603.483,34.602144,86,899,Vata,2.0,0,Unknown
33.269347,0.434,33.614488,428.42,463.686,465.662,34.605651,66,966,Kapha,20.0,0,Unknown
30.790505,0.002,30.869376,722.093,645.553,459.522,34.612996,70,911,Pitta,4.0,0,Unknown
33.261243,0.277,35.776193,677.667,526.112,429.832,34.728405,99,765,Vata,29.0,1,Vata
33.337029,0.123,33.761325,889.247,811.862,809.582,34.744352,65,1019,Kapha,34.0,0,Unknown
31.226964,0.437,31.096783,369.651,741.597,784.484,34.777947,72,918,Pitta,7.0,1,Pitta
31.31306,0.336,31.293059,560.116,774.099,766.539,34.785987,74,901,Pitta,2.0,0,Unknown
33.374184,0.203,33.904427,694.217,604.919,898.073,34.82509,55,914,Kapha,19.0,0,Unknown
33.312049,0.757,36.001233,593.452,675.266,473.289,34.857023,85,895,Vata,30.0,1,Unknown
33.422855,0.282,34.531213,678.476,895.401,564.771,34.866375,67,916,Kapha,18.0,0,Unknown
31.392783,-0.076,31.349809,318.557,543.376,735.336,34.954135,75,935,Pitta,8.0,1,Pitta
33.408076,-0.02,36.206916,357.703,500.326,416.408,34.975563,98,849,Vata,23.0,1,Vata
33.504255,0.075,36.464208,544.067,571.797,221.95,34.991448,91,779,Vata,7.0,0,Unknown
33.676632,0.667,36.804683,418.802,453.133,282.875,35.022815,97,794,Vata,6.0,0,Unknown
34.098516,0.664,36.951791,327.335,517.052,422.771,35.066935,86,768,Vata,11.0,0,Unknown
31.404431,0.242,31.451776,340.335,651.162,510.915,35.104669,83,854,Pitta,3.0,0,Unknown
34.20367,0.569,36.999019,620.436,235.466,304.593,35.21619,97,783,Vata,14.0,0,Unknown
34.406273,0.633,37.015615,219.213,327.196,224.99,35.255152,98,890,Vata,1.0,0,Unknown
33.530452,0.198,34.684503,727.898,636.14,590.811,35.260143,59,917,Kapha,39.0,0,Unknown
31.413815,-0.004,31.526708,636.174,725.985,645.651,35.261085,70,908,Pitta,11.0,1,Pitta
31.419805,0.378,31.623009,644.591,478.304,751.415,35.357144,83,917,Pitta,13.0,1,Pitta
34.528451,0.451,37.028699,650.881,380.927,621.825,35.367239,98,811,Vata,15.0,1,Vata
33.904337,0.453,34.798069,648.512,676.918,709.019,35.386776,68,1014,Kapha,30.0,0,Unknown
34.240991,0.198,34.881993,416.032,664.887,759.221,35.415202,58,1046,Kapha,10.0,0,Unknown
34.614233,0.102,37.070834,430.739,436.247,690.596,35.570411,86,867,Vata,28.0,1,Vata
34.696808,0.215,37.089344,518.601,222.824,596.571,35.589493,97,849,Vata,11.0,0,Unknown
34.309726,0.083,34.979909,706.156,560.869,596.015,35.646278,58,975,Kapha,39.0,0,Unknown
35.002126,0.018,37.116683,529.677,270.012,626.892,35.718196,95,771,Vata,37.0,1,Vata
35.019367,0.89,37.169421,647.559,338.407,320.989,35.811113,89,860,Vata,6.0,0,Unknown
35.058859,0.5,37.254931,518.335,685.766,680.313,35.829318,98,822,Vata,9.0,0,Unknown
34.404098,0.239,35.209227,758.087,437.511,852.465,35.85774,61,987,Kapha,37.0,0,Unknown
35.146535,0.281,37.377995,506.967,365.674,298.463,35.860097,89,896,Vata,28.0,1,Vata
34.530061,0.588,35.390064,608.375,847.826,680.002,35.894266,63,990,Kapha,26.0,0,Unknown
34.844228,0.136,35.58936,778.648,801.338,625.195,35.940758,62,947,Kapha,1.0,1,Kapha
35.449996,0.354,37.553483,233.326,441.021,675.715,35.942675,91,787,Vata,29.0,1,Vata
35.453577,0.937,37.573219,459.204,298.049,697.41,35.958127,85,819,Vata,6.0,0,Pitta
31.493999,0.256,31.888755,470.735,430.699,725.215,35.993147,83,858,Pitta,2.0,0,Unknown
34.999975,0.367,35.721343,513.501,469.763,723.336,36.12611,65,914,Kapha,18.0,0,Unknown
31.515505,0.452,32.048382,407.805,773.299,507.164,36.150682,78,942,Pitta,13.0,1,Pitta
35.031496,0.26,35.890947,510.638,788.384,876.402,36.174529,67,1022,Kapha,11.0,0,Unknown
35.129156,0.043,36.276763,480.708,712.923,797.276,36.205055,68,1026,Kapha,1.0,1,Kapha
31.653819,0.625,32.169323,706.855,663.152,356.193,36.215147,83,871,Pitta,15.0,0,Unknown
35.544874,-0.016,37.650328,275.085,505.39,555.861,36.218232,92,865,Vata,9.0,0,Unknown
31.782838,0.17,32.351465,408.552,409.841,337.815,36.224657,72,876,Pitta,20.0,0,Unknown
35.151127,0.293,36.539947,585.997,604.572,420.007,36.304289,66,997,Kapha,6.0,0,Unknown
35.873999,0.503,37.893613,568.717,340.342,690.572,36.338273,87,828,Vata,21.0,1,Vata
35.919509,0.407,37.908812,456.111,303.496,484.77,36.403903,88,897,Vata,1.0,0,Unknown
31.79822,0.766,32.481758,571.014,524.542,588.532,36.409594,79,859,Pitta,9.0,1,Pitta
36.066901,0.534,37.957314,540.114,458.286,329.771,36.410817,99,758,Vata,20.0,1,Vata
35.262194,0.421,36.623632,823.506,527.011,566.155,36.415337,62,983,Kapha,37.0,0,Unknown
32.579888,0.382,32.5544,784.104,698.226,621.314,36.461754,82,929,Pitta,20.0,0,Unknown
36.385744,-0.178,38.040342,220.836,202.753,418.498,36.465161,93,781,Vata,11.0,0,Unknown
32.686334,0.456,32.81287,373.926,573.531,724.921,36.501003,72,910,Pitta,21.0,0,Unknown
35.267724,0.308,36.656792,813.956,829.864,635.272,36.521252,59,940,Kapha,13.0,0,Unknown
36.452691,0.847,38.185815,242.396,203.832,496.78,36.581846,88,881,Vata,29.0,1,Vata
35.368248,0.523,36.851023,591.412,750.094,557.259,36.592124,60,995,Kapha,28.0,0,Unknown
36.57386,0.919,38.311557,558.162,309.534,236.541,36.600445,94,799,Vata,34.0,1,Vata
36.703245,0.478,38.347196,236.042,218.361,511.172,36.632805,96,831,Vata,2.0,0,Unknown
32.755412,0.513,32.838285,770.438,624.976,446.258,36.65757,80,900,Pitta,16.0,0,Unknown
35.383742,0.173,36.924045,694.559,673.87,750.094,36.724759,56,967,Kapha,24.0,0,Unknown
36.711174,0.636,38.614662,235.628,254.013,690.589,36.797501,99,754,Vata,43.0,1,Vata
35.445223,0.052,36.973455,760.408,704.784,813.135,36.822731,67,904,Kapha,32.0,0,Unknown
32.991851,0.5,33.021077,391.447,676.884,383.735,36.975242,71,859,Pitta,4.0,0,Unknown
36.900434,0.907,38.978799,206.054,369.43,295.054,36.978029,89,897,Vata,18.0,1,Vata
36.951006,0.649,39.019541,678.251,601.293,596.298,37.007016,91,836,Vata,2.0,0,Unknown
35.622347,0.562,37.249958,520.603,445.533,765.673,37.013044,65,952,Kapha,26.0,0,Unknown
33.028307,0.36,33.238769,583.722,611.005,489.503,37.13611,77,855,Pitta,12.0,1,Pitta
37.093084,-0.017,39.073979,568.754,486.024,653.949,37.171572,88,875,Vata,11.0,0,Unknown
33.063057,0.286,33.716115,488.504,570.04,476.788,37.174093,84,911,Pitta,4.0,0,Unknown
37.207956,0.492,39.10001,376.626,456.334,671.851,37.228427,98,824,Vata,14.0,0,Unknown
33.197438,-0.052,34.105917,782.464,674.807,366.234,37.249128,82,854,Pitta,16.0,0,Unknown
37.373429,0.528,39.270673,348.268,346.744,680.068,37.277547,85,771,Vata,3.0,0,Unknown
35.702781,0.227,37.425203,484.071,636.96,894.667,37.312918,68,1021,Kapha,17.0,0,Unknown
33.444298,-0.08,34.138992,436.771,663.782,636.141,37.338998,72,919,Pitta,4.0,0,Unknown
35.77096,0.346,37.426331,886.048,496.85,536.274,37.405908,57,1035,Kapha,15.0,0,Unknown
35.961813,0.475,37.574689,708.779,504.192,837.495,37.417557,59,921,Kapha,2.0,1,Kapha
37.397888,0.309,39.314519,374.852,665.877,460.73,37.418927,93,817,Vata,34.0,1,Vata
37.551595,0.684,39.4042,587.327,398.508,688.654,37.424585,88,793,Vata,5.0,0,Unknown
37.653485,0.921,39.470718,530.685,243.546,578.655,37.476843,93,783,Vata,5.0,0,Unknown
37.736571,0.911,39.50711,292.598,508.533,280.836,37.492446,90,826,Vata,3.0,0,Unknown
33.501139,0.222,34.157876,499.829,614.936,554.346,37.559035,75,912,Pitta,15.0,0,Unknown
36.255571,0.195,37.960622,890.708,730.652,783.311,37.628304,56,1005,Kapha,19.0,0,Unknown
36.269339,0.43,38.043303,568.878,855.628,581.089,37.64253,57,906,Kapha,1.0,1,Kapha
36.306097,0.081,38.054585,751.516,601.878,767.062,37.662025,58,1049,Kapha,1.0,1,Kapha
34.013568,0.2,34.210898,791.43,479.895,660.561,37.70537,71,905,Pitta,13.0,1,Pitta
37.763918,0.341,39.522467,287.055,256.919,438.45,37.705587,99,791,Vata,28.0,1,Vata
36.345569,0.175,38.249928,511.302,503.875,452.038,37.778474,60,945,Kapha,39.0,0,Unknown
37.868318,-0.064,39.527002,249.198,372.612,559.166,37.814833,85,886,Vata,25.0,1,Unknown
34.113135,0.249,34.330318,568.235,502.906,476.346,37.825057,76,908,Pitta,9.0,1,Pitta
34.307359,0.025,34.365632,551.315,785.219,462.851,37.826887,82,912,Pitta,6.0,1,Pitta
34.431036,0.564,34.435748,428.889,356.193,536.288,37.851062,73,938,Pitta,9.0,1,Pitta
37.910233,0.982,39.533128,530.151,453.706,323.67,37.885135,96,855,Vata,23.0,1,Vata
37.93835,0.807,39.828272,582.186,637.111,520.308,37.936929,87,844,Vata,9.0,0,Unknown
37.986087,-0.05,40.011855,332.523,446.773,533.3,37.943479,95,884,Vata,8.0,0,Unknown
36.3609,0.087,38.269331,530.6,724.373,794.667,38.04303,59,929,Kapha,36.0,0,Unknown
34.669678,0.671,34.632964,650.682,434.252,738.704,38.156375,78,908,Pitta,19.0,0,Unknown
38.004225,0.905,40.055603,210.472,551.129,281.35,38.15642,86,817,Vata,8.0,0,Unknown
36.372999,0.487,38.500543,655.951,835.594,666.165,38.162421,64,1025,Kapha,22.0,0,Unknown
38.011783,0.844,40.092768,241.086,696.408,482.543,38.182457,93,896,Vata,29.0,1,Vata
38.105619,0.423,40.356127,683.93,265.745,585.813,38.261295,99,877,Vata,6.0,0,Unknown
34.738659,0.745,34.872929,307.186,546.201,320.141,38.312624,83,900,Pitta,16.0,0,Unknown
36.390734,0.134,38.716665,559.809,774.159,546.145,38.37323,58,1000,Kapha,25.0,0,Unknown
34.777146,0.343,34.952027,324.756,718.365,702.416,38.411632,79,899,Pitta,21.0,0,Unknown
38.184625,0.51,40.405946,347.722,337.366,449.448,38.504064,96,834,Vata,17.0,1,Vata
34.78387,0.531,35.10211,599.679,381.838,484.494,38.566593,78,853,Pitta,18.0,0,Unknown
36.582492,0.43,38.82421,483.811,834.379,727.889,38.66377,67,1043,Kapha,11.0,0,Unknown
34.957719,0.67,35.11781,470.837,438.477,727.31,38.745558,76,897,Pitta,9.0,1,Pitta
37.061675,0.566,38.91205,531.44,668.277,720.81,38.829574,69,978,Kapha,7.0,0,Unknown
38.245794,0.279,40.590803,584.612,397.288,206.052,38.89908,85,832,Vata,16.0,1,Unknown
38.253448,-0.134,40.680969,512.332,410.914,204.519,38.910289,97,844,Vata,12.0,0,Unknown
38.521899,0.202,40.778837,390.97,405.511,378.515,38.918337,98,781,Vata,1.0,0,Unknown
38.545157,0.763,40.808446,302.844,653.806,663.097,38.959339,93,815,Vata,5.0,0,Unknown
38.597293,-0.194,40.813695,260.693,557.016,314.338,38.970536,93,865,Vata,0.0,0,Unknown
37.100778,0.317,39.071863,417.874,775.938,504.743,39.151613,56,1032,Kapha,37.0,0,Unknown
35.261821,0.276,35.257619,776.658,332.899,701.102,39.188204,84,881,Pitta,28.0,0,Unknown
35.285618,0.178,35.301941,751.595,652.993,474.381,39.191231,81,900,Pitta,3.0,0,Unknown
37.166704,0.324,39.221922,752.212,470.032,415.199,39.209336,66,966,Kapha,15.0,0,Unknown
38.710367,0.2,40.829958,507.506,503.953,517.182,39.247964,92,887,Vata,26.0,1,Vata
38.728338,0.278,40.994882,587.317,354.686,311.038,39.26052,92,879,Vata,0.0,0,Unknown
35.341205,0.743,35.561764,656.853,419.105,646.938,39.286243,77,901,Pitta,15.0,0,Unknown
38.952618,0.445,40.995526,521.952,611.895,360.835,39.310423,95,809,Vata,18.0,1,Vata
38.109419,0.277,39.78887,646.058,574.137,616.811,39.373679,65,922,Kapha,30.0,0,Unknown
38.977974,0.904,40.997723,465.151,677.53,624.021,39.403769,98,766,Vata,33.0,1,Vata
38.997836,0.216,41.133917,220.976,610.599,564.431,39.405364,96,845,Vata,2.0,0,Unknown
35.352877,0.364,35.583371,709.073,494.337,379.816,39.467327,72,948,Pitta,24.0,0,Unknown
35.37921,0.348,35.975836,633.666,521.851,748.141,39.542081,80,923,Pitta,8.0,1,Pitta
39.117676,0.216,41.273143,684.244,200.783,247.7,39.542725,85,893,Vata,5.0,0,Pitta
39.456774,0.685,41.367898,599.357,518.201,414.351,39.570646,95,765,Vata,10.0,0,Unknown
35.566256,0.061,36.135378,362.791,745.657,502.246,39.592192,74,883,Pitta,21.0,0,Unknown
35.642968,-0.003,36.173573,682.772,505.665,527.813,39.695464,71,885,Pitta,3.0,0,Unknown
39.521618,0.343,41.371605,346.411,225.568,214.585,39.701057,92,795,Vata,21.0,1,Vata
39.599043,0.07,41.536594,689.985,328.804,440.445,39.718137,94,856,Vata,2.0,0,Unknown
38.415055,0.196,39.888466,447.122,594.775,684.756,39.826004,59,973,Kapha,35.0,0,Unknown
39.611843,0.343,41.557557,500.941,229.762,531.217,39.853163,98,837,Vata,39.0,1,Vata
38.442613,0.285,40.258483,485.847,655.648,838.303,39.860657,59,904,Kapha,39.0,0,Unknown
39.751337,-0.031,41.620934,491.211,501.898,259.251,39.987783,87,878,Vata,28.0,1,Vata
39.810106,0.012,41.698913,574.037,543.295,344.442,40.010843,95,888,Vata,8.0,0,Unknown
40.328133,0.398,41.728032,605.885,257.244,398.918,40.065635,91,868,Vata,4.0,0,Unknown
35.870399,0.658,36.345224,405.096,372.613,652.88,40.110294,79,919,Pitta,12.0,1,Pitta
35.880547,0.453,36.570353,461.721,562.157,710.42,40.198195,76,892,Pitta,3.0,0,Unknown
40.351107,0.303,41.761237,528.239,391.919,659.766,40.269448,95,834,Vata,19.0,1,Vata
35.915706,0.193,36.611761,709.617,781.479,418.171,40.273293,82,865,Pitta,13.0,1,Pitta
40.653862,0.898,41.777327,264.048,428.118,696.628,40.288749,99,753,Vata,17.0,1,Vata
38.570003,0.362,40.30469,451.267,864.538,864.108,40.325063,65,981,Kapha,34.0,0,Unknown
40.980406,0.235,41.845216,369.134,384.527,222.456,40.34763,85,820,Vata,20.0,1,Unknown
41.053982,0.497,41.848288,664.042,260.513,580.504,40.36218,85,860,Vata,0.0,0,Unknown
41.456264,0.559,42.147898,312.308,409.474,385.862,40.3723,94,799,Vata,9.0,0,Unknown
41.513712,-0.184,42.280846,386.084,575.589,396.229,40.418725,97,889,Vata,3.0,0,Unknown
38.66539,0.592,40.335776,706.296,837.148,664.403,40.422699,61,924,Kapha,36.0,0,Unknown
41.744921,0.596,42.33451,416.038,235.504,577.132,40.441195,89,844,Vata,28.0,1,Vata
41.758452,0.014,42.388544,419.702,240.09,659.213,40.487178,89,841,Vata,0.0,0,Unknown
35.998071,0.073,36.903878,568.263,603.843,630.675,40.531942,77,908,Pitta,12.0,1,Pitta
36.200052,0.4,37.184871,729.97,791.694,495.999,40.538644,78,902,Pitta,1.0,0,Unknown
36.290366,0.426,37.266379,406.518,720.554,484.351,40.559549,80,868,Pitta,2.0,0,Unknown
41.761788,0.953,42.406633,506.47,377.386,675.464,40.561577,92,814,Vata,12.0,0,Unknown
38.797268,0.563,40.440082,447.105,467.263,776.902,40.574024,55,907,Kapha,37.0,0,Unknown
36.62265,0.086,37.273592,603.889,317.983,645.013,40.583363,80,947,Pitta,25.0,0,Unknown
41.80423,-0.022,42.490325,671.538,670.863,488.561,40.616447,91,796,Vata,11.0,0,Unknown
36.698785,0.666,37.291123,341.895,629.2,493.592,40.618605,76,938,Pitta,15.0,0,Unknown
41.820944,0.298,42.501779,320.346,534.286,378.561,40.651897,92,855,Vata,16.0,1,Vata
38.892551,0.517,41.021973,777.141,486.395,619.652,40.683623,58,1048,Kapha,34.0,0,Unknown
39.005547,0.533,41.041492,410.255,578.82,773.041,40.722794,65,901,Kapha,7.0,0,Unknown
36.720512,-0.024,37.512968,621.53,443.383,473.054,40.727293,79,944,Pitta,14.0,1,Pitta
39.100788,0.281,41.181996,524.688,545.372,502.401,40.74773,59,921,Kapha,20.0,0,Unknown
39.219389,0.394,41.206068,845.333,707.385,585.532,40.790206,62,971,Kapha,3.0,1,Kapha
42.058148,-0.098,42.543631,260.751,539.335,593.775,40.806713,90,879,Vata,28.0,1,Vata
36.736546,0.22,37.704417,681.267,579.808,717.944,40.863007,84,890,Pitta,6.0,1,Pitta
36.838767,0.512,37.732374,592.465,439.673,350.638,40.887607,79,930,Pitta,5.0,1,Pitta
36.864,0.147,37.862964,433.116,474.435,637.946,41.006069,82,896,Pitta,3.0,0,Unknown
36.985691,0.645,37.91281,315.671,761.584,424.363,41.032604,77,943,Pitta,5.0,1,Pitta
42.118013,0.996,42.845216,298.735,380.96,325.501,41.108059,90,855,Vata,13.0,0,Unknown
37.051747,0.566,38.13792,359.724,403.322,307.749,41.126431,81,903,Pitta,9.0,1,Pitta
42.149045,0.403,42.949498,643.462,496.83,482.037,41.126633,86,773,Vata,5.0,0,Unknown
39.241385,0.537,41.215645,759.266,851.388,717.114,41.15127,66,986,Kapha,20.0,0,Unknown
39.322992,0.236,41.273919,436.484,881.146,409.079,41.182334,69,971,Kapha,3.0,1,Kapha
37.075894,0.61,38.154646,611.151,737.055,383.382,41.274605,78,904,Pitta,9.0,1,Pitta
39.368766,0.577,41.27777,810.563,726.801,761.231,41.279041,66,967,Kapha,12.0,0,Unknown
39.497027,0.249,41.39376,646.518,819.08,817.768,41.286833,62,963,Kapha,4.0,1,Kapha
39.549333,0.361,41.442062,823.392,662.601,599.571,41.317757,55,993,Kapha,7.0,0,Unknown
42.181138,0.514,43.152107,522.905,205.066,379.289,41.317898,90,753,Vata,35.0,1,Vata
39.774375,0.426,41.719137,700.37,504.163,623.971,41.373865,59,918,Kapha,31.0,0,Unknown
37.116617,0.007,38.422845,767.21,315.229,603.331,41.378311,75,944,Pitta,16.0,0,Unknown
39.847544,0.57,41.721255,740.917,662.344,825.641,41.398141,64,1027,Kapha,11.0,0,Unknown
42.219472,-0.12,43.405207,342.953,518.048,528.316,41.453039,89,857,Vata,25.0,1,Vata
42.374534,0.7,43.486006,607.973,656.643,320.199,41.524419,97,768,Vata,8.0,0,Unknown
42.411441,0.052,43.51546,630.685,506.287,295.796,41.541535,87,789,Vata,10.0,0,Unknown
37.198114,0.026,38.461491,403.267,345.438,654.564,41.602914,81,868,Pitta,6.0,1,Pitta
42.484355,0.878,43.630144,623.257,636.849,659.12,41.636975,90,799,Vata,9.0,0,Unknown
37.222275,0.158,38.586261,667.513,727.338,310.529,41.64434,81,911,Pitta,9.0,1,Pitta
40.244832,0.147,41.74066,896.751,677.541,787.827,41.656485,55,986,Kapha,26.0,0,Unknown
42.730753,0.046,43.895371,659.463,561.987,250.902,41.678458,92,824,Vata,37.0,1,Vata
40.282081,0.448,41.825468,516.168,771.229,544.075,41.724429,55,981,Kapha,37.0,0,Unknown
37.498785,0.366,38.669104,733.226,615.278,318.213,41.72464,79,948,Pitta,24.0,0,Unknown
37.519798,0.573,39.049993,560.441,673.618,751.271,41.752894,71,942,Pitta,8.0,1,Pitta
42.794687,0.029,43.933493,326.121,260.279,452.979,41.769369,93,761,Vata,22.0,1,Vata
42.875755,-0.156,43.986781,577.521,651.227,310.426,41.785788,85,776,Vata,8.0,0,Pitta
43.347127,0.366,44.184121,430.27,233.222,219.465,41.828148,87,862,Vata,2.0,0,Unknown
37.618106,0.653,39.148557,634.633,404.709,336.653,41.890432,71,908,Pitta,16.0,0,Unknown
37.664725,0.534,39.215206,707.508,568.542,747.091,41.93002,73,914,Pitta,2.0,0,Unknown
43.557341,0.478,44.254938,620.999,466.984,218.009,41.93693,87,798,Vata,14.0,0,Unknown
43.56548,-0.121,44.306953,564.245,271.069,287.611,41.978374,95,893,Vata,8.0,0,Unknown
43.692981,0.731,44.562391,588.224,205.853,633.385,42.068376,92,879,Vata,3.0,0,Unknown
43.74043,0.344,44.610495,528.081,411.017,341.239,42.128766,85,809,Vata,7.0,0,Pitta
40.411007,0.312,41.88446,711.973,509.941,561.988,42.17794,56,986,Kapha,29.0,0,Unknown
37.687172,0.736,39.253228,430.338,668.61,414.083,42.179504,84,917,Pitta,28.0,0,Unknown
40.451527,0.161,41.892927,630.161,584.155,739.439,42.24514,56,996,Kapha,28.0,0,Unknown
43.776371,0.429,44.97911,288.714,347.52,675.23,42.273266,89,779,Vata,33.0,1,Vata
43.919637,0.329,45.162998,472.513,443.0,490.811,42.308349,87,833,Vata,2.0,0,Unknown
44.104263,0.281,45.494309,692.335,488.6,418.307,42.32765,86,777,Vata,1.0,0,Unknown
37.777701,0.565,39.260788,448.448,613.657,670.009,42.33956,78,877,Pitta,8.0,1,Pitta
37.843047,0.176,39.599607,300.314,535.849,454.867,42.359424,76,867,Pitta,2.0,0,Unknown
44.273815,0.472,45.495792,668.694,221.87,490.044,42.397792,99,774,Vata,23.0,1,Vata
37.921153,0.139,39.623295,781.547,779.892,729.376,42.403115,71,875,Pitta,28.0,0,Unknown
40.453178,0.466,41.982785,419.726,582.014,681.599,42.427237,69,951,Kapha,2.0,1,Kapha
44.446117,-0.014,45.661439,221.587,261.502,458.349,42.44382,92,845,Vata,23.0,1,Vata
40.656671,0.331,42.068468,407.235,879.72,481.115,42.48884,69,981,Kapha,23.0,0,Unknown
40.77311,0.397,42.37395,459.614,621.972,554.965,42.508695,63,996,Kapha,6.0,0,Unknown
40.802763,0.194,42.499443,724.546,777.547,849.992,42.514748,58,1034,Kapha,5.0,0,Unknown
44.762693,0.018,45.661674,282.407,479.321,579.388,42.525939,87,874,Vata,29.0,1,Vata
41.205343,0.289,42.845221,683.582,775.406,744.087,42.559431,57,1014,Kapha,30.0,0,Unknown
41.247888,0.37,42.914211,676.715,532.772,892.987,42.608702,65,991,Kapha,8.0,0,Unknown
37.968157,0.527,39.708644,758.772,638.079,650.227,42.834056,77,868,Pitta,12.0,1,Pitta
44.789484,0.834,45.737108,265.864,371.584,341.248,42.843163,91,759,Vata,14.0,0,Unknown
41.281831,0.243,42.938133,415.928,685.935,783.506,42.84326,55,900,Kapha,36.0,0,Unknown
45.036885,0.935,46.031297,562.99,564.587,376.525,42.90601,96,791,Vata,41.0,1,Vata
41.346545,0.119,42.963783,634.651,847.151,870.987,42.906337,66,962,Kapha,30.0,0,Unknown
41.490333,0.577,42.988576,862.311,637.599,508.094,42.940589,56,918,Kapha,10.0,0,Unknown
45.052264,0.248,46.096405,608.893,526.146,647.047,42.983827,95,789,Vata,39.0,1,Vata
38.162841,0.074,39.824564,682.284,753.875,500.907,42.987179,80,904,Pitta,15.0,0,Unknown
38.164105,-0.017,40.016125,339.538,664.885,338.151,43.003115,76,906,Pitta,4.0,0,Unknown
45.142472,0.125,46.224445,306.756,622.802,673.228,43.124377,85,826,Vata,9.0,0,Pitta
38.301035,0.379,40.016159,523.751,667.732,666.35,43.139445,78,855,Pitta,7.0,1,Pitta
38.309327,0.639,40.080195,350.946,340.009,608.442,43.206099,77,850,Pitta,1.0,0,Unknown
38.494114,-0.009,40.299614,307.96,479.732,301.456,43.269556,72,857,Pitta,5.0,1,Pitta
38.52519,0.613,40.369901,608.091,729.185,304.71,43.277236,70,946,Pitta,2.0,0,Unknown
38.810234,0.63,40.442272,780.415,416.302,704.396,43.308025,71,900,Pitta,1.0,0,Unknown
45.202691,0.573,46.255311,452.926,546.246,646.279,43.364265,90,854,Vata,19.0,1,Vata
38.847476,0.334,40.628698,751.434,357.753,429.7,43.403681,84,934,Pitta,6.0,1,Pitta
45.272572,0.29,46.408388,620.352,414.966,409.724,43.40662,87,867,Vata,3.0,0,Unknown
45.333068,-0.17,46.595811,566.401,536.483,590.183,43.406869,92,791,Vata,5.0,0,Unknown
41.592573,0.307,43.076221,598.796,872.559,785.742,43.448159,60,930,Kapha,32.0,0,Unknown
39.114052,-0.048,40.782287,648.377,463.053,618.067,43.528682,83,937,Pitta,23.0,0,Unknown
41.689244,0.44,43.107611,712.461,507.229,410.109,43.566364,63,976,Kapha,20.0,0,Unknown
39.136507,0.057,40.857197,348.32,410.219,527.107,43.571369,82,874,Pitta,19.0,0,Unknown
39.176979,0.537,41.027292,437.082,762.644,731.715,43.589805,71,896,Pitta,11.0,1,Pitta
41.773286,0.247,43.219375,789.909,437.08,735.38,43.637549,59,1020,Kapha,12.0,0,Unknown
42.246262,0.213,43.290707,791.963,845.727,634.641,43.740805,58,923,Kapha,1.0,1,Kapha
42.294668,0.244,43.33867,659.64,823.841,573.38,43.755984,67,968,Kapha,9.0,0,Unknown
39.178375,0.541,41.216486,460.028,733.983,758.481,43.771016,73,904,Pitta,6.0,1,Pitta
42.42187,0.246,43.523376,828.976,896.295,831.202,43.786358,59,958,Kapha,14.0,0,Unknown
42.520603,0.327,43.534095,595.689,739.697,827.134,43.842413,63,1013,Kapha,4.0,1,Kapha
39.354199,0.709,41.2314,681.575,549.842,798.404,43.900776,75,913,Pitta,12.0,1,Pitta
45.470767,-0.013,46.775068,471.119,337.691,438.168,43.944063,90,796,Vata,15.0,1,Vata
45.647103,0.659,46.790724,495.174,353.157,448.77,43.961943,96,771,Vata,6.0,0,Unknown
45.690638,0.591,46.791059,454.18,594.493,302.34,43.964008,86,856,Vata,10.0,0,Unknown
39.462969,0.424,41.300305,701.125,330.672,376.842,43.989181,73,932,Pitta,13.0,1,Pitta
39.754075,0.012,41.347265,492.553,657.281,731.482,44.053668,78,942,Pitta,5.0,1,Pitta
40.161419,0.009,41.365028,508.942,611.706,433.011,44.056322,73,859,Pitta,5.0,1,Pitta
40.343389,0.549,41.407387,322.255,785.277,595.408,44.058599,75,905,Pitta,2.0,0,Unknown
40.422104,0.065,41.63179,444.568,579.477,552.886,44.091031,75,861,Pitta,0.0,0,Unknown
45.697177,-0.167,46.943129,348.774,423.21,495.565,44.192114,90,776,Vata,15.0,1,Vata
42.595984,0.326,43.618792,844.347,868.344,411.151,44.205013,66,1000,Kapha,24.0,0,Unknown
46.199613,0.066,47.180701,482.511,599.19,293.068,44.245565,91,790,Vata,25.0,1,Vata
46.258031,0.077,47.38191,544.443,611.211,365.782,44.273099,89,829,Vata,2.0,0,Unknown
46.276221,0.606,47.44339,636.661,628.781,627.515,44.275044,87,838,Vata,2.0,0,Unknown
40.537279,0.196,41.972055,525.643,468.197,308.994,44.301077,79,882,Pitta,8.0,1,Pitta
46.334686,-0.176,47.688573,518.146,658.318,303.538,44.323389,88,815,Vata,9.0,0,Unknown
40.545678,0.338,42.329401,358.492,559.511,766.386,44.335698,80,920,Pitta,8.0,1,Pitta
40.566302,-0.078,42.336918,526.634,789.632,339.164,44.377301,79,866,Pitta,1.0,0,Unknown
42.756084,0.298,43.906566,520.114,813.475,704.753,44.402157,67,911,Kapha,12.0,0,Unknown
46.507969,-0.075,47.792237,580.561,415.493,235.579,44.535191,88,761,Vata,21.0,1,Vata
40.598678,0.124,42.417379,726.588,648.181,644.109,44.569877,70,910,Pitta,18.0,0,Unknown
46.584778,0.76,47.845561,280.036,359.433,234.504,44.57289,90,822,Vata,20.0,1,Vata
42.849189,0.081,43.938046,540.108,822.213,583.916,44.658223,61,1018,Kapha,29.0,0,Unknown
40.703513,0.267,42.540091,590.661,635.988,692.503,44.691922,77,859,Pitta,16.0,0,Unknown
42.939759,0.298,44.001691,426.56,684.571,607.831,44.707965,62,1038,Kapha,15.0,0,Unknown
46.628815,0.014,47.853546,430.779,491.099,670.392,44.891035,94,825,Vata,32.0,1,Vata
46.792533,0.583,47.868819,204.666,385.586,453.46,44.901351,85,839,Vata,9.0,0,Pitta
40.70947,0.152,42.669605,339.465,420.341,697.644,44.90165,81,880,Pitta,4.0,0,Unknown
47.110558,0.086,47.926994,323.339,500.537,404.706,44.903061,95,759,Vata,14.0,0,Unknown
40.828768,0.023,42.772942,395.836,671.801,367.747,44.904381,72,909,Pitta,23.0,0,Unknown
47.377089,-0.081,48.035202,563.231,552.793,605.439,44.998668,88,845,Vata,16.0,1,Vata
47.494743,0.092,48.103685,695.905,544.203,617.913,45.056388,94,769,Vata,6.0,0,Unknown
43.116224,0.101,44.13856,797.791,591.182,816.02,45.068902,69,996,Kapha,25.0,0,Unknown
47.688678,0.667,48.340209,249.589,387.276,366.096,45.10482,97,788,Vata,28.0,1,Vata
40.83349,0.555,42.867581,537.272,675.136,523.785,45.216608,84,919,Pitta,13.0,1,Pitta
40.959156,0.632,42.921847,480.744,458.644,714.714,45.220831,82,866,Pitta,2.0,0,Unknown
43.235185,0.076,44.156124,608.528,867.279,554.92,45.262557,58,1046,Kapha,24.0,0,Unknown
43.414842,0.56,44.161042,514.558,616.059,871.524,45.329679,65,956,Kapha,7.0,0,Unknown
41.237734,0.132,42.922861,479.364,541.857,451.34,45.357951,75,899,Pitta,10.0,1,Pitta
43.46534,0.363,44.233661,515.895,669.41,489.817,45.388661,62,941,Kapha,13.0,0,Unknown
47.711172,0.827,48.393669,400.747,283.43,546.809,45.40381,88,809,Vata,26.0,1,Vata
43.999675,0.396,44.339524,850.7,623.057,731.361,45.471487,60,997,Kapha,28.0,0,Unknown
44.418782,0.241,44.496181,816.958,682.409,736.053,45.507345,59,930,Kapha,1.0,1,Kapha
47.74756,0.796,48.470757,600.035,415.265,585.561,45.522919,94,815,Vata,35.0,1,Vata
41.443579,0.597,42.937243,564.634,447.302,533.874,45.618699,72,886,Pitta,22.0,0,Unknown
44.599975,0.545,44.56929,676.765,635.253,526.098,45.633487,67,901,Kapha,5.0,0,Unknown
41.641045,0.247,42.944156,592.198,429.353,436.397,45.636395,84,931,Pitta,17.0,0,Unknown
47.897711,0.277,48.570964,302.018,271.297,527.325,45.65108,85,814,Vata,1.0,0,Unknown
44.612656,0.383,44.610152,708.055,423.984,562.375,45.666635,66,931,Kapha,19.0,0,Unknown
48.131819,0.602,48.889507,477.542,645.049,275.798,45.738157,93,873,Vata,27.0,1,Vata
41.711248,0.356,42.996378,698.431,312.948,531.776,45.816184,80,911,Pitta,13.0,1,Pitta
44.642967,0.462,44.676221,637.163,841.024,817.399,45.817915,61,1037,Kapha,19.0,0,Unknown
48.208856,0.046,48.949987,566.536,372.939,637.942,45.861203,88,879,Vata,27.0,1,Vata
48.220325,0.152,49.037866,507.993,277.23,469.547,45.866444,91,806,Vata,3.0,0,Unknown
41.891906,0.67,43.041765,470.483,442.606,743.919,45.878614,71,939,Pitta,20.0,0,Unknown
41.960368,0.575,43.090077,702.733,576.985,527.562,45.89273,84,929,Pitta,13.0,1,Pitta
48.410084,0.876,49.070053,294.012,212.724,341.236,45.990903,96,827,Vata,12.0,0,Unknown
44.662092,0.221,44.775294,595.833,622.197,780.903,46.151207,60,1004,Kapha,36.0,0,Unknown
42.025908,0.625,43.243507,469.306,300.801,577.956,46.17853,74,921,Pitta,14.0,1,Pitta
42.043531,0.023,43.332966,327.716,441.61,501.988,46.241518,83,937,Pitta,9.0,1,Pitta
42.338124,-0.037,43.344683,577.094,740.705,530.059,46.294184,70,926,Pitta,13.0,1,Pitta
42.420918,0.704,43.612614,593.951,596.824,307.587,46.306976,78,878,Pitta,8.0,1,Pitta
42.864846,0.249,43.647143,767.27,603.931,441.873,46.325371,80,881,Pitta,2.0,0,Unknown
44.804598,0.576,44.882084,857.738,694.472,564.548,46.32915,57,1035,Kapha,23.0,0,Unknown
48.446409,-0.184,49.078021,377.692,522.911,412.614,46.368574,98,778,Vata,41.0,1,Vata
42.893972,0.159,43.800103,663.031,501.682,518.291,46.519916,76,937,Pitta,22.0,0,Unknown
43.384298,0.552,44.209587,758.886,638.236,616.898,46.639951,72,929,Pitta,4.0,0,Unknown
43.566676,0.653,44.452156,754.174,394.966,525.026,46.676672,73,860,Pitta,1.0,0,Unknown
48.487223,-0.097,49.480858,591.896,518.451,218.786,46.681515,87,764,Vata,14.0,0,Unknown
43.727173,0.676,44.537925,602.287,709.373,468.909,46.740324,82,945,Pitta,5.0,1,Pitta
48.503841,0.049,49.549005,477.113,370.302,263.933,46.746155,94,761,Vata,12.0,0,Unknown
43.810407,0.184,44.796192,563.881,358.345,494.049,46.773172,75,855,Pitta,19.0,0,Unknown
45.179172,0.492,44.889708,462.806,469.594,666.978,46.776519,59,974,Kapha,16.0,0,Unknown
45.219968,0.512,45.144147,609.223,401.694,430.84,46.889415,63,1004,Kapha,4.0,1,Kapha
43.8146,0.667,44.837853,578.72,628.001,421.147,46.898127,72,884,Pitta,9.0,1,Pitta
45.642288,0.103,45.236261,572.281,522.645,504.373,46.904752,61,1047,Kapha,11.0,0,Unknown
48.561669,-0.168,49.733002,202.615,235.856,582.773,46.917599,96,850,Vata,35.0,1,Vata
43.829549,-0.063,44.921909,789.165,470.575,762.247,47.015034,81,882,Pitta,15.0,0,Unknown
48.606804,0.018,49.734928,580.495,404.814,200.006,47.024295,87,833,Vata,6.0,0,Unknown
48.767974,0.5,49.928051,217.656,355.609,408.283,47.025591,98,874,Vata,11.0,0,Unknown
43.852777,-0.055,44.972734,686.584,673.756,560.872,47.035715,76,867,Pitta,22.0,0,Unknown
45.767943,0.163,45.304092,649.075,752.293,642.91,47.066493,66,1047,Kapha,10.0,0,Unknown
43.893727,0.461,45.019847,353.133,574.882,306.705,47.140149,82,886,Pitta,16.0,0,Unknown
45.816629,0.171,45.653488,628.816,449.597,442.987,47.146929,58,1026,Kapha,24.0,0,Unknown
45.945799,0.163,45.704562,659.445,854.444,821.666,47.148028,61,908,Kapha,3.0,1,Kapha
43.943307,-0.043,45.035907,689.214,526.177,309.723,47.191553,75,862,Pitta,14.0,1,Pitta
46.105264,0.513,45.947058,469.959,507.511,759.003,47.217409,59,914,Kapha,16.0,0,Unknown
48.868109,0.306,50.2208,572.867,538.56,461.255,47.243222,92,852,Vata,33.0,1,Vata
46.279389,0.019,45.961554,656.571,502.297,871.817,47.271883,65,996,Kapha,27.0,0,Unknown
46.321907,0.046,46.108068,521.209,490.754,746.733,47.321186,67,1004,Kapha,2.0,1,Kapha
48.927686,0.871,50.286917,301.24,502.89,227.317,47.357571,92,773,Vata,25.0,1,Vata
44.155077,0.192,45.107675,385.269,384.711,786.481,47.36276,78,923,Pitta,14.0,1,Pitta
49.033332,0.781,50.650227,679.037,382.297,686.539,47.493492,95,898,Vata,17.0,1,Vata
44.380974,0.505,45.187131,523.675,618.411,410.725,47.543447,81,939,Pitta,14.0,1,Pitta
49.080886,0.21,50.672964,383.97,308.946,313.063,47.565487,96,887,Vata,15.0,1,Vata
46.372436,0.164,46.205342,492.166,406.991,870.201,47.708443,69,962,Kapha,27.0,0,Unknown
49.311604,0.111,50.686994,363.466,694.018,352.099,47.774487,85,859,Vata,16.0,1,Unknown
49.356034,0.256,50.951739,274.444,427.001,351.971,47.800884,94,827,Vata,9.0,0,Unknown
46.524571,0.12,46.349871,432.417,785.903,677.256,47.819259,56,920,Kapha,38.0,0,Unknown
46.881373,0.139,46.436168,781.326,837.517,700.109,47.893271,67,904,Kapha,11.0,0,Unknown
47.104312,0.479,46.468645,613.721,707.081,888.486,47.955958,60,1024,Kapha,7.0,0,Unknown
44.537612,0.204,45.223211,405.23,787.385,702.804,48.097169,84,930,Pitta,24.0,0,Unknown
49.587448,0.508,51.034904,352.802,544.137,315.208,48.168656,86,850,Vata,2.0,0,Unknown
49.724251,0.122,51.072415,638.325,270.276,200.737,48.180124,92,895,Vata,6.0,0,Unknown
49.946558,0.549,51.263106,698.167,442.795,564.672,48.21226,85,891,Vata,7.0,0,Pitta
50.11815,0.291,51.607344,384.155,213.768,683.423,48.228873,99,877,Vata,14.0,0,Unknown
50.158807,0.462,51.722559,424.305,452.728,312.147,48.264844,96,807,Vata,3.0,0,Unknown
50.692519,0.323,51.727657,561.035,682.009,531.524,48.269679,92,825,Vata,4.0,0,Unknown
50.953405,0.153,51.800019,643.098,392.103,570.948,48.305419,92,899,Vata,0.0,0,Unknown
47.139996,0.338,46.631155,713.322,494.1,721.065,48.338216,61,984,Kapha,31.0,0,Unknown
44.684204,0.062,45.41566,644.792,712.802,329.138,48.344814,74,913,Pitta,13.0,1,Pitta
51.0682,0.938,51.861495,496.522,219.498,624.213,48.399903,86,785,Vata,12.0,0,Unknown
45.127722,0.153,45.554339,738.655,330.004,760.581,48.476282,73,850,Pitta,13.0,1,Pitta
47.148509,0.003,46.843964,763.797,542.639,415.393,48.501881,62,1012,Kapha,11.0,0,Unknown
45.405485,0.312,45.619693,445.181,488.115,737.209,48.586224,72,912,Pitta,10.0,1,Pitta
47.240931,0.258,46.847129,739.658,637.963,761.901,48.604158,60,979,Kapha,12.0,0,Unknown
47.289587,0.245,46.943749,635.25,877.173,852.734,48.612351,62,1015,Kapha,2.0,1,Kapha
45.91163,0.328,45.83139,341.005,762.792,585.547,48.626195,79,938,Pitta,17.0,0,Unknown
47.296512,0.068,46.959094,593.949,523.676,797.79,48.661301,61,996,Kapha,18.0,0,Unknown
45.958294,0.605,45.886575,449.247,551.522,304.499,48.714547,70,883,Pitta,9.0,1,Pitta
47.391877,0.406,46.97605,587.98,765.823,691.917,48.734372,56,920,Kapha,14.0,0,Unknown
46.04993,0.575,45.952106,636.181,631.056,428.905,48.756758,72,859,Pitta,16.0,0,Unknown
46.135203,0.311,46.072582,464.38,756.3,503.411,48.788999,72,933,Pitta,0.0,0,Unknown
46.226833,0.661,46.474325,439.056,736.897,530.032,48.804414,76,856,Pitta,4.0,0,Unknown
47.517661,0.421,47.287136,720.024,619.724,735.652,48.843116,68,979,Kapha,8.0,0,Unknown
51.180567,0.716,52.02189,395.763,215.478,411.315,48.847541,88,771,Vata,20.0,1,Vata
48.021851,0.433,47.460244,647.397,548.924,895.096,48.88752,60,938,Kapha,28.0,0,Unknown
51.327635,-0.032,52.037652,406.311,393.993,351.465,48.896384,90,876,Vata,30.0,1,Vata
46.290724,0.003,46.613625,392.218,550.91,448.839,49.020029,76,905,Pitta,14.0,1,Pitta
48.182731,0.437,47.481163,824.566,627.958,445.331,49.049895,63,1020,Kapha,13.0,0,Unknown
48.184539,0.0,47.5474,837.351,435.603,733.622,49.051945,66,1023,Kapha,3.0,1,Kapha
46.360259,0.13,46.663049,548.758,518.823,316.474,49.05392,82,929,Pitta,16.0,0,Unknown
48.212507,0.572,47.630155,485.28,799.344,541.699,49.267418,60,1042,Kapha,22.0,0,Unknown
51.38939,0.842,52.075098,547.809,280.012,362.648,49.283302,96,829,Vata,36.0,1,Vata
46.668675,0.645,46.76191,437.974,469.846,595.064,49.292135,84,886,Pitta,12.0,1,Pitta
48.246555,0.489,48.003264,468.117,521.651,720.045,49.298796,58,905,Kapha,26.0,0,Unknown
51.504765,0.385,52.088535,201.609,211.676,556.311,49.309857,95,849,Vata,37.0,1,Vata
51.643835,0.873,52.096277,509.795,578.107,608.39,49.379028,93,845,Vata,2.0,0,Unknown
46.820872,0.24,47.056278,665.505,659.51,562.077,49.477581,81,878,Pitta,12.0,1,Pitta
51.786206,0.76,52.09635,377.747,429.262,290.807,49.484594,99,897,Vata,18.0,1,Vata
46.897953,0.783,47.111393,338.311,443.493,441.5,49.49023,70,861,Pitta,29.0,0,Unknown
51.970569,0.31,52.11739,597.099,344.622,385.471,49.52494,92,767,Vata,22.0,1,Vata
46.992927,0.32,47.179899,632.017,424.944,318.988,49.5275,72,866,Pitta,20.0,0,Unknown
47.105019,0.613,47.292056,418.78,478.125,797.297,49.604546,82,897,Pitta,10.0,1,Pitta
52.024339,-0.173,52.134299,246.495,650.042,650.97,49.713336,96,787,Vata,14.0,0,Unknown
48.255669,0.542,48.085009,715.2,762.706,703.812,49.733827,61,955,Kapha,35.0,0,Unknown
47.155517,0.262,47.335621,544.64,388.608,540.993,49.781741,77,933,Pitta,16.0,0,Unknown
47.264531,0.282,47.345767,443.045,647.56,678.002,49.846043,78,875,Pitta,1.0,0,Unknown
48.358208,0.009,48.252174,550.613,434.174,476.728,49.879444,57,948,Kapha,21.0,0,Unknown
48.489423,0.56,48.25922,409.285,877.549,503.373,49.898402,59,991,Kapha,2.0,1,Kapha
47.278208,0.245,47.519582,661.384,608.12,526.157,49.934346,76,932,Pitta,17.0,0,Unknown
48.538665,0.486,48.301062,844.321,496.507,710.815,49.96552,55,1028,Kapha,21.0,0,Unknown
52.115948,0.122,52.205932,494.101,258.069,603.347,49.969823,99,858,Vata,44.0,1,Vata
47.40089,0.547,47.650941,772.654,541.439,321.585,49.980373,76,861,Pitta,23.0,0,Unknown
48.618198,0.502,48.33485,513.45,841.371,464.115,49.983416,69,964,Kapha,7.0,0,Unknown
47.441466,0.393,47.739614,758.538,495.163,454.8,49.992581,81,870,Pitta,12.0,1,Pitta
47.484585,0.749,47.798692,591.713,754.531,460.055,50.014447,84,891,Pitta,3.0,0,Unknown
48.643828,0.056,48.542073,864.64,804.737,532.59,50.039446,64,927,Kapha,20.0,0,Unknown
47.583782,0.126,47.843661,531.305,314.562,719.176,50.065747,80,910,Pitta,16.0,0,Unknown
47.703481,-0.009,48.406414,709.15,684.554,627.115,50.146984,77,907,Pitta,3.0,0,Unknown
47.789063,0.254,48.551688,641.663,750.955,437.715,50.156129,75,903,Pitta,2.0,0,Unknown
52.287635,0.45,52.244994,440.486,677.959,692.429,50.167062,92,872,Vata,17.0,1,Vata
48.669756,0.443,48.580455,758.717,883.93,817.623,50.188391,57,999,Kapha,35.0,0,Unknown
48.761583,0.576,48.790929,781.327,638.945,563.546,50.21546,62,1047,Kapha,5.0,0,Unknown
52.640361,0.56,52.245207,521.163,356.983,577.124,50.227178,91,893,Vata,29.0,1,Vata
52.642384,0.109,52.258147,232.427,644.202,396.598,50.242025,98,898,Vata,7.0,0,Unknown
47.790511,0.455,48.88762,391.782,523.177,783.87,50.272396,80,883,Pitta,18.0,0,Unknown
52.648321,-0.033,52.292208,489.992,501.471,495.319,50.274502,97,853,Vata,17.0,1,Vata
53.225185,0.802,52.307014,480.742,613.354,530.507,50.289298,93,889,Vata,4.0,0,Unknown
49.294662,0.407,48.829748,500.731,763.699,644.03,50.300269,63,971,Kapha,30.0,0,Unknown
53.232765,0.981,52.310612,480.33,692.007,239.228,50.30951,99,893,Vata,36.0,1,Vata
49.518504,0.342,48.910814,517.097,585.355,870.57,50.347296,63,964,Kapha,36.0,0,Unknown
49.629489,0.567,49.035556,660.634,492.184,513.575,50.374002,69,950,Kapha,6.0,0,Unknown
53.262251,0.431,52.37675,501.744,344.203,472.248,50.388096,86,830,Vata,17.0,1,Vata
49.692765,0.266,49.192089,486.05,621.538,594.813,50.432153,64,948,Kapha,22.0,0,Unknown
48.101058,0.675,48.965541,710.46,575.345,460.771,50.436217,72,856,Pitta,8.0,1,Pitta
48.194694,0.212,49.013417,514.442,772.232,799.117,50.437959,84,884,Pitta,12.0,1,Pitta
48.225314,0.488,49.031463,394.493,406.139,798.082,50.480383,70,864,Pitta,14.0,1,Pitta
48.463069,0.215,49.232679,440.899,560.067,395.605,50.509522,76,914,Pitta,6.0,1,Pitta
48.503693,0.455,49.235507,433.764,537.361,456.371,50.54228,70,939,Pitta,6.0,1,Pitta
48.628093,0.696,49.268545,559.603,429.196,543.022,50.577,70,948,Pitta,0.0,0,Unknown
53.400321,0.006,52.405394,538.234,680.568,554.66,50.59957,87,836,Vata,17.0,1,Vata
53.415827,0.127,52.420627,602.494,394.741,283.661,50.692281,94,891,Vata,7.0,0,Unknown
48.724657,0.108,49.305145,417.185,709.297,632.05,50.733072,78,874,Pitta,16.0,0,Unknown
48.743443,0.264,49.362175,361.783,749.8,564.024,50.757915,82,908,Pitta,4.0,0,Unknown
48.946164,0.794,49.418736,361.845,690.966,784.721,50.85842,79,928,Pitta,3.0,0,Unknown
49.702689,0.36,49.217578,552.716,482.875,703.229,50.915259,56,973,Kapha,23.0,0,Unknown
48.964743,0.682,49.424783,591.638,397.679,661.995,50.996249,76,935,Pitta,20.0,0,Unknown
49.176573,0.408,49.502119,667.38,343.374,406.022,51.010317,82,855,Pitta,6.0,1,Pitta
49.711816,0.286,49.261917,560.731,891.022,777.669,51.086322,58,911,Kapha,24.0,0,Unknown
49.233128,0.365,50.246976,460.767,602.722,352.549,51.23196,80,901,Pitta,22.0,0,Unknown
49.340347,0.156,50.303978,317.325,328.547,644.201,51.255484,82,928,Pitta,2.0,0,Unknown
49.801961,0.56,49.373284,479.815,448.123,850.827,51.27391,59,1003,Kapha,23.0,0,Unknown
50.486386,0.046,49.48339,502.591,694.606,857.736,51.289203,69,980,Kapha,10.0,0,Unknown
53.468587,-0.178,52.4821,334.91,392.756,590.316,51.298441,92,810,Vata,23.0,1,Vata
49.491226,0.365,50.367194,363.612,636.413,379.226,51.335334,73,937,Pitta,19.0,0,Unknown
49.512682,0.663,50.687855,757.347,565.212,693.838,51.33862,75,870,Pitta,2.0,0,Unknown
50.713533,0.301,49.603659,794.276,713.232,788.32,51.376059,57,1026,Kapha,18.0,0,Unknown
49.649924,0.517,50.700734,546.772,631.393,455.518,51.39674,70,920,Pitta,13.0,1,Pitta
50.771632,0.412,49.720029,483.598,669.04,514.165,51.455261,67,913,Kapha,3.0,1,Kapha
50.837805,0.475,49.815012,414.229,731.093,412.405,51.477447,65,933,Kapha,2.0,1,Kapha
50.841303,0.35,49.966744,714.677,458.09,591.887,51.479713,55,947,Kapha,10.0,0,Unknown
53.522793,0.897,52.647652,612.525,370.194,491.886,51.481396,98,795,Vata,43.0,1,Vata
50.905064,0.545,50.129169,887.992,677.509,470.774,51.501363,60,960,Kapha,38.0,0,Unknown
49.892447,0.161,50.99679,526.786,595.085,463.447,51.508215,76,942,Pitta,16.0,0,Unknown
49.945031,0.081,51.030254,319.025,511.351,305.399,51.524544,81,945,Pitta,5.0,1,Pitta
53.55354,-0.059,52.710934,449.128,470.704,676.111,51.525857,90,781,Vata,9.0,0,Unknown
53.689641,0.492,52.717799,238.529,277.073,221.211,51.529006,94,764,Vata,4.0,0,Unknown
51.146333,0.565,50.134243,565.607,543.606,755.194,51.550932,68,934,Kapha,26.0,0,Unknown
49.992261,0.139,51.10742,664.319,400.439,650.506,51.648652,84,881,Pitta,16.0,0,Unknown
51.152324,0.039,50.605668,459.328,870.088,730.565,51.655829,69,1018,Kapha,15.0,0,Unknown
51.277048,0.241,50.652575,685.194,781.036,421.986,51.70643,64,964,Kapha,5.0,0,Unknown
51.465933,0.014,50.68255,853.177,886.257,818.297,51.760444,56,958,Kapha,8.0,0,Unknown
53.731394,0.129,52.747098,229.275,476.856,332.663,51.77981,93,793,Vata,37.0,1,Vata
50.122352,0.053,51.110756,564.034,452.851,356.635,51.837289,75,902,Pitta,18.0,0,Unknown
53.765478,0.465,52.852246,367.119,470.852,500.777,51.865995,94,894,Vata,19.0,1,Vata
51.502403,0.198,50.779081,792.031,418.778,524.372,51.879547,63,935,Kapha,31.0,0,Unknown
53.826616,0.582,53.027153,592.448,580.951,348.28,51.965738,88,803,Vata,25.0,1,Vata
50.234233,-0.014,51.410121,401.04,562.25,686.44,52.0248,73,908,Pitta,15.0,0,Unknown
50.625303,0.277,51.492407,355.037,625.934,545.934,52.058497,76,918,Pitta,3.0,0,Unknown
51.199753,0.002,51.499826,491.694,689.742,692.14,52.108569,72,911,Pitta,4.0,0,Unknown
51.520323,0.322,50.79207,711.258,542.567,616.114,52.160406,55,1046,Kapha,17.0,0,Unknown
51.663776,0.546,50.793047,557.528,497.711,733.967,52.186114,65,941,Kapha,10.0,0,Unknown
53.832945,0.796,53.158665,553.84,616.825,557.212,52.231618,92,793,Vata,27.0,1,Vata
51.673934,0.508,51.113279,670.94,405.577,614.709,52.297011,63,968,Kapha,29.0,0,Unknown
51.288347,0.055,51.732685,718.581,683.585,591.963,52.329669,70,853,Pitta,7.0,1,Pitta
51.740095,0.076,51.260759,445.622,521.163,620.644,52.36778,61,1046,Kapha,9.0,0,Unknown
51.580775,0.393,51.818463,732.647,786.344,341.217,52.493834,73,935,Pitta,12.0,1,Pitta
51.74979,0.048,51.934273,601.423,442.921,682.826,52.499261,72,867,Pitta,1.0,0,Unknown
53.913251,0.048,53.324885,594.307,420.221,579.503,52.579166,94,847,Vata,22.0,1,Vata
54.025083,-0.187,53.645952,458.635,351.167,251.258,52.641027,87,754,Vata,7.0,0,Unknown
54.069481,-0.036,53.688999,420.099,329.667,456.927,52.648203,87,858,Vata,0.0,0,Unknown
51.808794,-0.043,51.971023,663.768,335.555,334.9,52.662778,70,948,Pitta,17.0,0,Unknown
54.153174,0.88,54.042112,273.726,297.312,454.445,52.751146,92,776,Vata,22.0,1,Vata
51.746048,0.056,51.377108,739.473,739.388,432.814,52.783232,65,1006,Kapha,27.0,0,Unknown
51.809077,0.186,51.973622,357.578,472.828,539.351,52.852885,71,930,Pitta,6.0,1,Pitta
54.321039,0.849,54.541951,364.096,228.824,384.64,52.85838,89,865,Vata,18.0,1,Vata
51.977546,0.098,51.973972,594.063,671.647,386.175,52.860245,80,905,Pitta,9.0,1,Pitta
51.853836,0.354,51.566075,762.548,515.544,600.722,52.87184,67,938,Kapha,13.0,0,Unknown
54.322919,0.517,54.741801,417.01,371.224,666.462,52.901437,87,836,Vata,20.0,1,Vata
52.090158,0.364,52.030641,633.483,519.056,676.168,52.948212,74,873,Pitta,13.0,1,Pitta
54.381263,0.521,54.929298,244.3,335.124,613.753,52.953593,94,853,Vata,20.0,1,Vata
52.19627,-0.008,52.161138,400.356,708.894,755.796,52.966902,84,915,Pitta,10.0,1,Pitta
54.453988,0.598,55.250871,310.306,683.209,548.605,52.974889,95,872,Vata,11.0,0,Unknown
54.495953,0.01,55.463772,499.113,478.854,557.163,52.979629,85,828,Vata,10.0,0,Pitta
51.943634,0.319,51.579933,882.516,654.502,782.424,53.002098,64,968,Kapha,21.0,0,Unknown
52.275098,0.577,52.176987,740.077,574.663,577.063,53.024003,77,862,Pitta,13.0,1,Pitta
52.278915,0.716,52.180879,397.498,764.896,563.574,53.025721,70,911,Pitta,7.0,1,Pitta
52.016463,0.16,51.614869,530.199,843.909,857.588,53.069792,56,911,Kapha,14.0,0,Unknown
52.395261,0.54,51.834199,409.228,746.879,606.749,53.080943,68,982,Kapha,12.0,0,Unknown
54.559224,0.897,55.514899,567.832,373.639,430.858,53.165606,99,792,Vata,31.0,1,Vata
52.359304,0.569,52.295153,456.739,773.932,681.982,53.182119,73,903,Pitta,26.0,0,Unknown
52.413335,0.556,52.276311,672.804,597.315,611.793,53.193847,60,935,Kapha,13.0,0,Unknown
52.432497,0.38,52.351197,610.278,334.652,302.539,53.196929,83,864,Pitta,23.0,0,Unknown
52.726155,0.675,52.44082,619.175,528.207,758.879,53.216527,73,918,Pitta,10.0,1,Pitta
53.013884,0.525,52.661531,649.692,604.845,398.724,53.2565,74,852,Pitta,1.0,0,Unknown
53.15484,-0.091,52.759468,356.006,427.936,792.059,53.272376,76,886,Pitta,2.0,0,Unknown
54.794433,0.303,55.665137,699.174,490.234,660.497,53.287091,87,846,Vata,11.0,0,Unknown
53.177293,0.255,52.956927,724.732,503.538,668.127,53.292552,82,886,Pitta,5.0,1,Pitta
54.891863,0.26,55.856922,666.557,269.598,547.298,53.347675,96,780,Vata,14.0,0,Unknown
52.414518,0.242,52.332272,753.395,586.234,751.314,53.381624,62,1025,Kapha,34.0,0,Unknown
52.649355,0.534,52.418029,795.204,627.868,871.386,53.397952,69,962,Kapha,7.0,0,Unknown
55.312454,0.423,55.921686,521.283,422.022,564.491,53.424571,93,848,Vata,24.0,1,Vata
53.408283,0.666,53.340731,566.424,638.841,687.126,53.428174,81,852,Pitta,12.0,1,Pitta
55.481617,-0.144,56.032501,410.624,513.117,630.845,53.451332,89,766,Vata,8.0,0,Unknown
53.618115,0.211,53.426457,535.661,413.367,628.101,53.55668,77,912,Pitta,12.0,1,Pitta
53.703917,-0.068,53.586824,790.549,600.991,535.832,53.63836,84,884,Pitta,7.0,1,Pitta
52.686912,0.23,52.543022,496.869,488.521,533.53,53.672331,56,975,Kapha,28.0,0,Unknown
54.165827,0.572,53.704594,670.189,648.724,585.814,53.692152,75,901,Pitta,19.0,0,Unknown
55.699114,0.0,56.172735,518.089,444.449,337.036,53.720765,96,832,Vata,21.0,1,Vata
54.193418,0.622,53.743581,359.003,345.248,323.201,53.738649,70,936,Pitta,26.0,0,Unknown
55.781859,0.686,56.196342,592.826,400.889,603.535,53.740487,94,859,Vata,24.0,1,Vata
54.194886,0.045,53.964751,678.27,548.765,611.98,53.747572,76,877,Pitta,18.0,0,Unknown
52.825314,0.442,52.578838,530.876,717.0,620.072,53.761702,69,981,Kapha,7.0,0,Unknown
55.84544,-0.101,56.233709,259.168,696.924,297.62,53.875151,99,781,Vata,30.0,1,Vata
52.911288,0.286,52.585257,656.295,582.076,797.987,53.985577,59,950,Kapha,40.0,0,Unknown
56.169286,0.524,56.344062,404.952,640.157,372.671,54.057654,86,890,Vata,27.0,1,Vata
53.000982,0.074,52.595887,565.3,826.183,704.847,54.073441,67,942,Kapha,19.0,0,Unknown
53.100919,0.557,52.815106,830.256,778.276,455.293,54.083211,66,933,Kapha,1.0,1,Kapha
54.33233,0.384,53.984585,347.624,431.54,613.049,54.08681,72,943,Pitta,6.0,1,Pitta
56.203799,0.094,56.563906,619.901,511.703,367.805,54.106442,91,784,Vata,19.0,1,Vata
54.464126,0.073,54.531924,313.735,662.193,745.6,54.152033,84,867,Pitta,7.0,1,Pitta
53.253784,0.272,53.039867,636.88,705.257,713.866,54.213558,65,996,Kapha,19.0,0,Unknown
53.347161,0.441,53.074319,799.789,582.101,493.373,54.305287,60,948,Kapha,5.0,0,Unknown
53.845143,0.22,53.080499,690.31,504.966,655.108,54.329369,57,1045,Kapha,3.0,1,Kapha
56.369936,0.267,56.616955,391.916,484.689,689.263,54.365224,99,882,Vata,42.0,1,Vata
53.918336,0.011,53.449448,786.545,788.076,664.552,54.375254,68,1024,Kapha,31.0,0,Unknown
56.413814,0.146,56.64356,485.936,510.33,628.269,54.470311,86,778,Vata,18.0,1,Vata
56.427515,0.227,56.655989,493.885,300.656,550.585,54.493709,88,819,Vata,2.0,0,Unknown
53.994573,0.06,53.459722,566.336,643.205,838.102,54.583099,66,956,Kapha,22.0,0,Unknown
54.089151,0.298,53.955018,815.708,512.375,631.247,54.645109,56,992,Kapha,10.0,0,Unknown
54.480905,0.547,54.584621,501.813,394.778,552.828,54.709296,82,885,Pitta,26.0,0,Unknown
56.487889,0.663,56.676853,292.238,397.569,563.528,54.827307,96,844,Vata,14.0,0,Unknown
54.690884,0.144,54.6399,796.789,746.119,338.572,54.866504,82,882,Pitta,14.0,1,Pitta
56.574582,0.157,56.683921,381.118,219.73,481.036,54.87292,91,771,Vata,9.0,0,Unknown
54.703553,0.185,54.832577,387.442,515.471,453.098,54.905,82,913,Pitta,9.0,1,Pitta
54.18585,0.414,54.134737,537.286,497.587,539.721,55.045551,69,1008,Kapha,13.0,0,Unknown
54.43459,0.201,54.204465,673.049,482.7,515.483,55.051484,65,904,Kapha,4.0,1,Kapha
54.573326,0.417,54.555903,507.004,788.581,837.126,55.068152,60,923,Kapha,5.0,0,Unknown
56.834915,0.48,56.997671,367.256,437.773,673.545,55.245997,88,818,Vata,28.0,1,Vata
56.933132,0.371,57.051814,213.098,471.512,448.129,55.278451,91,838,Vata,3.0,0,Unknown
54.660942,0.419,54.749103,637.763,514.494,485.505,55.303645,57,958,Kapha,34.0,0,Unknown
54.709118,0.66,55.111296,636.322,399.002,627.815,55.319249,75,875,Pitta,18.0,0,Unknown
54.717575,0.329,55.268633,386.698,519.011,419.629,55.322928,84,897,Pitta,9.0,1,Pitta
54.875066,0.422,55.09159,559.088,663.321,612.934,55.325559,56,937,Kapha,28.0,0,Unknown
54.947294,0.503,55.458574,662.393,504.372,440.264,55.498617,77,889,Pitta,21.0,0,Unknown
54.95658,0.296,55.461261,533.352,625.773,493.587,55.53266,69,909,Kapha,8.0,0,Unknown
55.052581,0.262,55.549642,552.677,514.459,710.235,55.576798,76,866,Pitta,7.0,1,Pitta
57.003718,0.596,57.108707,212.096,313.875,390.259,55.626638,91,821,Vata,15.0,1,Vata
55.142297,0.549,55.515878,883.493,689.805,786.652,55.63049,55,1025,Kapha,36.0,0,Unknown
55.290804,0.168,55.778976,639.986,592.781,592.16,55.660472,79,889,Pitta,24.0,0,Unknown
55.39797,0.294,55.547313,480.037,838.577,637.186,55.680525,68,910,Kapha,11.0,0,Unknown
57.024689,0.924,57.33909,615.849,682.014,281.518,55.690926,85,878,Vata,17.0,1,Unknown
55.667489,0.27,55.741253,793.663,833.874,575.572,55.736804,62,923,Kapha,23.0,0,Unknown
57.036429,0.679,57.77952,336.535,654.727,593.103,55.748371,90,836,Vata,28.0,1,Vata
55.331516,0.463,55.859917,401.437,560.587,554.264,55.764454,75,856,Pitta,15.0,0,Unknown
55.446463,0.039,55.88874,672.814,374.889,459.226,55.770342,78,906,Pitta,3.0,0,Unknown
55.674038,0.12,55.966747,892.082,625.538,580.55,55.82541,55,987,Kapha,23.0,0,Unknown
55.572312,0.236,55.940888,797.81,332.79,665.464,55.865417,78,857,Pitta,23.0,0,Unknown
55.683105,0.088,56.038678,632.825,664.708,443.859,55.952165,70,905,Pitta,8.0,1,Pitta
57.042858,0.058,57.907122,459.039,561.072,567.222,55.96263,93,845,Vata,23.0,1,Vata
55.892103,0.185,56.004799,409.951,407.683,826.107,55.977753,66,1013,Kapha,27.0,0,Unknown
55.838549,0.526,56.149568,546.74,579.859,668.532,55.999765,70,880,Pitta,4.0,0,Unknown
55.901878,0.75,56.258387,761.587,479.5,335.051,56.056187,70,908,Pitta,0.0,0,Unknown
57.235715,-0.163,58.091606,349.363,466.693,392.178,56.176837,86,824,Vata,16.0,1,Vata
57.291917,0.115,58.132671,670.34,634.985,212.597,56.344109,98,803,Vata,12.0,0,Unknown
55.928035,0.025,56.181153,749.514,613.222,676.887,56.418969,69,920,Kapha,29.0,0,Unknown
57.671434,0.514,58.146158,329.648,265.326,619.499,56.467249,87,837,Vata,18.0,1,Vata
57.730353,-0.138,58.164739,414.828,595.255,205.709,56.501519,94,803,Vata,7.0,0,Unknown
55.949335,0.796,56.259688,307.926,704.179,732.271,56.50899,77,907,Pitta,17.0,0,Unknown
56.314694,0.38,56.324993,526.456,703.097,758.934,56.514298,59,1047,Kapha,18.0,0,Unknown
55.952675,0.305,56.269548,664.962,494.029,549.783,56.613189,81,861,Pitta,22.0,0,Unknown
56.031957,0.127,56.332619,744.373,697.983,519.254,56.639754,82,897,Pitta,1.0,0,Unknown
57.746838,0.396,58.189263,636.365,262.41,551.85,56.666915,89,765,Vata,7.0,0,Unknown
57.758905,0.516,58.194723,620.967,597.105,685.129,56.684176,93,848,Vata,4.0,0,Unknown
56.457947,0.149,56.346522,420.244,678.882,848.519,56.690127,65,909,Kapha,28.0,0,Unknown
56.699087,0.182,56.538056,601.445,725.668,850.871,56.703033,60,1042,Kapha,5.0,0,Unknown
56.830237,0.462,56.574763,867.609,477.038,564.255,56.711315,65,1033,Kapha,5.0,0,Unknown
56.863968,0.196,56.605686,405.883,723.268,876.226,56.778534,66,965,Kapha,1.0,1,Kapha
57.793352,0.201,58.263495,293.051,337.884,418.831,56.804024,88,769,Vata,22.0,1,Vata
57.022785,0.145,56.627333,693.943,491.326,412.438,56.825253,66,1021,Kapha,22.0,0,Unknown
57.355128,0.101,56.696845,650.698,775.262,588.418,56.837059,57,1031,Kapha,9.0,0,Unknown
57.37327,0.465,56.77587,836.692,569.544,847.899,56.85615,68,922,Kapha,11.0,0,Unknown
57.40888,0.078,56.848634,442.001,754.948,537.318,56.969726,61,912,Kapha,7.0,0,Unknown
56.12269,0.299,56.542286,330.837,452.878,605.512,56.989752,83,880,Pitta,22.0,0,Unknown
57.41014,0.272,56.883197,740.763,423.933,536.541,56.997301,56,915,Kapha,27.0,0,Unknown
57.470118,0.304,56.922295,740.055,603.93,551.311,57.017043,61,940,Kapha,5.0,0,Unknown
56.215672,0.663,56.722299,525.032,336.423,612.096,57.083782,81,932,Pitta,20.0,0,Unknown
57.817199,0.725,58.283706,601.322,638.545,317.487,57.085393,85,795,Vata,4.0,0,Unknown
57.937922,-0.072,58.409338,429.093,672.021,552.436,57.089443,88,876,Vata,3.0,0,Unknown
57.499661,0.412,56.944164,734.54,752.517,706.157,57.094819,56,900,Kapha,32.0,0,Unknown
57.554126,0.38,56.944776,871.167,513.435,619.166,57.096214,59,1010,Kapha,3.0,1,Kapha
56.319889,0.085,56.812812,402.36,766.32,366.018,57.160372,83,912,Pitta,24.0,0,Unknown
57.999289,-0.11,58.48759,441.484,274.398,608.564,57.168901,90,807,Vata,7.0,0,Unknown
57.689981,0.486,56.946747,811.544,797.644,763.367,57.190652,61,911,Kapha,29.0,0,Unknown
57.731155,0.027,57.266862,420.986,715.39,847.455,57.255506,65,1018,Kapha,4.0,1,Kapha
56.462896,0.757,56.867764,583.259,497.276,678.117,57.338368,79,923,Pitta,14.0,1,Pitta
58.158152,0.674,58.551915,266.74,431.338,473.215,57.454861,89,860,Vata,10.0,0,Unknown
56.494611,0.208,56.91122,624.771,696.346,437.964,57.469813,76,888,Pitta,13.0,1,Pitta
56.614449,0.787,57.018421,451.312,439.572,752.481,57.546738,72,925,Pitta,4.0,0,Unknown
58.175078,0.395,58.630451,240.301,690.494,683.518,57.591768,98,878,Vata,26.0,1,Vata
57.144918,0.655,57.128635,529.991,623.183,708.925,57.634112,82,869,Pitta,16.0,0,Unknown
57.431818,0.628,57.236205,439.67,736.655,473.133,57.642885,71,897,Pitta,11.0,1,Pitta
58.19273,0.626,58.871171,563.97,441.704,225.834,57.655209,97,830,Vata,26.0,1,Vata
57.568331,0.186,57.236713,484.696,320.822,703.87,57.680078,73,920,Pitta,24.0,0,Unknown
57.696948,-0.092,57.273231,379.77,715.318,478.195,57.696122,72,903,Pitta,1.0,0,Unknown
57.789542,0.244,57.350589,742.78,585.667,350.474,57.697875,76,927,Pitta,4.0,0,Unknown
57.912578,0.172,57.684872,305.005,603.736,780.944,57.711892,79,924,Pitta,3.0,0,Unknown
58.194591,0.322,59.038659,448.231,631.774,452.398,57.900922,85,833,Vata,6.0,0,Pitta
57.77223,0.178,57.278259,635.541,693.781,737.1,57.947492,65,919,Kapha,20.0,0,Unknown
57.992851,-0.066,57.993535,741.205,561.579,626.301,57.973544,84,920,Pitta,19.0,0,Unknown
58.068164,0.355,58.169454,585.839,737.238,528.05,58.078188,84,878,Pitta,0.0,0,Unknown
58.306925,0.096,59.045008,418.425,494.366,559.227,58.083949,88,819,Vata,4.0,0,Unknown
58.510799,0.263,58.367622,465.829,321.717,498.887,58.086734,77,923,Pitta,11.0,1,Pitta
58.380633,0.783,59.197807,564.754,387.665,631.32,58.11224,90,757,Vata,13.0,0,Unknown
58.08435,0.168,57.361183,598.977,576.774,502.233,58.189247,68,935,Kapha,22.0,0,Unknown
58.463688,0.759,59.199756,582.756,342.892,289.628,58.240593,97,778,Vata,29.0,1,Vata
58.166363,0.088,57.970681,555.074,641.226,866.341,58.284111,57,978,Kapha,40.0,0,Unknown
58.528382,0.471,58.395653,661.529,430.514,462.353,58.290981,75,942,Pitta,18.0,0,Unknown
58.621901,0.459,58.565161,553.876,737.881,790.724,58.357596,72,922,Pitta,3.0,0,Unknown
58.655398,0.009,58.862692,549.554,676.173,367.374,58.403657,75,949,Pitta,3.0,0,Unknown
58.874496,0.779,58.983882,355.071,308.823,457.403,58.458298,84,897,Pitta,9.0,1,Pitta
59.041891,0.068,59.034382,494.758,558.503,542.749,58.460967,71,923,Pitta,13.0,1,Pitta
58.551125,0.634,59.258974,279.454,301.612,600.002,58.620417,99,861,Vata,28.0,1,Vata
58.333783,0.174,58.032792,625.668,698.675,532.246,58.765192,68,1049,Kapha,31.0,0,Unknown
59.139027,0.127,59.26008,505.113,580.899,476.354,58.822124,94,880,Vata,26.0,1,Vata
59.160064,0.508,59.263343,267.677,393.27,398.277,58.867074,94,857,Vata,0.0,0,Unknown
58.421528,0.186,58.2344,592.097,636.231,474.947,58.882626,65,1007,Kapha,29.0,0,Unknown
59.148319,0.301,59.189244,420.532,564.786,539.0,58.928111,84,932,Pitta,19.0,0,Unknown
59.193787,0.339,59.201257,307.848,500.441,535.683,58.9812,81,905,Pitta,3.0,0,Unknown
59.264972,0.632,59.576608,480.05,448.697,387.892,59.023911,76,944,Pitta,5.0,1,Pitta
59.312399,-0.011,59.686497,344.911,640.862,372.466,59.094886,83,866,Pitta,7.0,1,Pitta
58.53164,0.313,58.251252,616.167,749.157,444.984,59.096272,58,995,Kapha,25.0,0,Unknown
58.561209,0.398,58.560836,889.631,616.848,681.692,59.157618,55,958,Kapha,3.0,1,Kapha
58.679605,0.229,58.731361,444.316,501.137,456.881,59.170819,57,919,Kapha,2.0,1,Kapha
59.644899,0.286,59.808551,428.415,403.895,427.384,59.17969,80,858,Pitta,23.0,0,Unknown
58.838893,0.432,58.961294,861.115,506.967,469.388,59.207796,63,1025,Kapha,17.0,0,Unknown
58.924643,0.202,59.161676,640.118,402.902,550.015,59.39353,64,996,Kapha,1.0,1,Kapha
59.172645,0.233,59.470118,575.688,455.638,265.858,59.440749,98,858,Vata,34.0,1,Vata
59.674919,0.466,59.851088,346.258,699.474,757.263,59.555863,79,946,Pitta,19.0,0,Unknown
59.728449,0.094,59.891994,350.471,701.519,356.526,59.566259,83,883,Pitta,4.0,0,Unknown
59.198375,-0.09,59.694469,528.478,446.163,632.648,59.737867,88,769,Vata,5.0,0,Unknown
59.213216,0.901,59.780035,678.307,488.64,278.637,59.76946,99,822,Vata,11.0,0,Unknown
59.73827,0.465,59.899125,399.506,507.631,678.713,59.777808,76,894,Pitta,23.0,0,Unknown
59.151506,0.174,59.332543,711.871,550.479,540.827,59.804026,59,1042,Kapha,17.0,0,Unknown
59.403231,-0.036,59.82747,234.479,632.789,354.894,59.830941,98,753,Vata,39.0,1,Vata
59.793939,0.731,59.94297,799.925,441.774,678.774,59.854956,73,937,Pitta,25.0,0,Unknown
59.430309,0.94,59.876047,228.527,690.37,345.023,59.857698,93,768,Vata,20.0,1,Vata
59.589824,0.325,59.500383,815.091,774.459,702.12,59.913615,69,961,Kapha,24.0,0,Unknown
59.657279,0.014,59.709565,580.232,797.081,808.373,59.916686,69,1030,Kapha,0.0,1,Kapha
59.736252,0.048,59.905274,615.211,501.234,780.675,59.925002,62,992,Kapha,7.0,0,Unknown
59.577888,0.335,59.964824,341.094,403.792,635.707,59.933557,89,851,Vata,27.0,1,Vata
59.760767,0.251,59.917039,604.759,879.522,531.242,59.960107,56,990,Kapha,33.0,0,Unknown
